cycle,int(self),day_of_the_year,all_pumps_daily_withdrawal
0,0,1-mai,[0.0,0.0,0.0,0.0,0.0,0.0,0.0,0.0,0.0,0.0,0.0,0.0,0.0,0.0,0.0,0.0,0.0,0.0,0.0,0.0,0.0,0.0,0.0,0.0,0.0,0.0,0.0,0.0,0.0,0.0,0.0,0.0,0.0,0.0,0.0,0.0,0.0]
1,0,2-mai,[0.0,0.0,0.0,0.0,0.0,0.0,0.0,0.0,0.0,0.0,0.0,0.0,0.0,0.0,0.0,0.0,0.0,0.0,0.0,0.0,0.0,0.0,0.0,0.0,0.0,0.0,0.0,0.0,0.0,0.0,0.0,0.0,74951.83329125519,0.0,0.0,0.0,13472.200446447114]
2,0,3-mai,[0.0,0.0,0.0,0.0,0.0,0.0,0.0,0.0,0.0,0.0,0.0,0.0,0.0,0.0,0.0,0.0,0.0,0.0,0.0,0.0,0.0,0.0,385.2183226658527,0.0,0.0,0.0,0.0,0.0,0.0,0.0,0.0,0.0,0.0,0.0,0.0,0.0,0.0]
3,0,4-mai,[0.0,0.0,0.0,0.0,0.0,0.0,427.9836958593592,0.0,0.0,0.0,0.0,0.0,0.0,0.0,0.0,0.0,0.0,0.0,0.0,0.0,0.0,0.0,0.0,0.0,0.0,0.0,0.0,0.0,0.0,0.0,0.0,0.0,0.0,0.0,0.0,0.0,0.0]
4,0,5-mai,[0.0,0.0,0.0,0.0,0.0,0.0,0.0,0.0,0.0,0.0,0.0,0.0,0.0,0.0,0.0,0.0,0.0,0.0,0.0,0.0,0.0,0.0,0.0,0.0,0.0,0.0,0.0,17904.73025276781,0.0,0.0,0.0,0.0,0.0,0.0,0.0,0.0,0.0]
5,0,6-mai,[0.0,0.0,0.0,0.0,0.0,0.0,0.0,0.0,0.0,0.0,0.0,0.0,0.0,0.0,0.0,0.0,0.0,0.0,0.0,0.0,0.0,0.0,0.0,0.0,0.0,0.0,0.0,0.0,0.0,0.0,79866.73343711864,0.0,0.0,0.0,0.0,0.0,0.0]
6,0,7-mai,[0.0,0.0,12715.466074771042,0.0,0.0,0.0,0.0,0.0,0.0,0.0,0.0,0.0,0.0,0.0,0.0,0.0,0.0,0.0,0.0,0.0,0.0,0.0,0.0,0.0,0.0,0.0,0.0,0.0,0.0,0.0,0.0,0.0,0.0,0.0,0.0,0.0,0.0]
7,0,8-mai,[0.0,0.0,0.0,0.0,563.0368564223924,0.0,0.0,0.0,0.0,0.0,0.0,0.0,79203.72150821605,0.0,0.0,0.0,0.0,0.0,0.0,0.0,0.0,0.0,0.0,0.0,0.0,0.0,14110.068723515591,0.0,229.07957824050976,0.0,0.0,0.0,0.0,82143.21574987445,0.0,0.0,0.0]
8,0,9-mai,[0.0,0.0,0.0,0.0,0.0,0.0,0.0,0.0,0.0,0.0,0.0,0.0,0.0,0.0,0.0,0.0,0.0,0.0,0.0,21590.608262562146,0.0,0.0,0.0,0.0,0.0,0.0,862.5688649943174,0.0,0.0,0.0,0.0,0.0,0.0,0.0,0.0,0.0,0.0]
9,0,10-mai,[0.0,0.0,0.0,0.0,0.0,0.0,0.0,0.0,0.0,0.0,0.0,0.0,0.0,0.0,0.0,0.0,0.0,106.32273075936487,53537.67172134244,0.0,0.0,0.0,0.0,0.0,0.0,0.0,0.0,0.0,0.0,0.0,30210.503353880464,0.0,0.0,0.0,0.0,0.0,0.0]
10,0,11-mai,[0.0,0.0,0.0,457.44915292725574,0.0,0.0,78522.14758755987,0.0,0.0,0.0,0.0,0.0,0.0,0.0,14254.141292380898,0.0,0.0,0.0,0.0,0.0,0.0,0.0,0.0,0.0,0.0,0.0,0.0,0.0,0.0,0.0,0.0,0.0,0.0,0.0,0.0,0.0,0.0]
11,0,12-mai,[0.0,0.0,0.0,36130.77822247244,0.0,0.0,0.0,0.0,0.0,0.0,0.0,0.0,0.0,0.0,0.0,0.0,0.0,0.0,0.0,0.0,0.0,0.0,0.0,0.0,0.0,0.0,0.0,0.0,0.0,0.0,0.0,0.0,0.0,0.0,0.0,0.0,0.0]
12,0,13-mai,[0.0,0.0,0.0,0.0,0.0,0.0,0.0,0.0,0.0,0.0,0.0,0.0,0.0,0.0,0.0,0.0,0.0,0.0,0.0,0.0,0.0,0.0,0.0,0.0,0.0,0.0,0.0,0.0,0.0,0.0,0.0,0.0,0.0,0.0,0.0,0.0,0.0]
13,0,14-mai,[0.0,0.0,0.0,0.0,0.0,0.0,0.0,0.0,0.0,0.0,15259.246891288676,0.0,0.0,0.0,0.0,0.0,0.0,0.0,0.0,0.0,0.0,0.0,0.0,0.0,0.0,0.0,0.0,0.0,0.0,0.0,0.0,0.0,0.0,0.0,0.0,0.0,0.0]
14,0,15-mai,[0.0,0.0,0.0,0.0,0.0,0.0,0.0,0.0,0.0,0.0,0.0,0.0,0.0,0.0,0.0,0.0,0.0,0.0,13237.452779800084,0.0,0.0,0.0,0.0,0.0,0.0,0.0,0.0,0.0,0.0,0.0,0.0,0.0,0.0,0.0,0.0,0.0,0.0]
15,0,16-mai,[0.0,0.0,0.0,0.0,0.0,0.0,0.0,0.0,0.0,0.0,0.0,0.0,0.0,0.0,0.0,0.0,0.0,0.0,0.0,0.0,0.0,0.0,0.0,0.0,0.0,0.0,0.0,0.0,0.0,0.0,0.0,0.0,0.0,0.0,0.0,0.0,0.0]
16,0,17-mai,[0.0,0.0,0.0,0.0,0.0,0.0,0.0,0.0,0.0,0.0,0.0,0.0,0.0,0.0,0.0,0.0,0.0,0.0,0.0,0.0,0.0,0.0,0.0,36240.32044131591,42526.13456783518,70998.89333314354,0.0,1417.365757412268,0.0,0.0,0.0,60068.143216946104,0.0,9450.029692171143,0.0,0.0,50956.53898652647]
17,0,18-mai,[0.0,0.0,0.0,0.0,0.0,0.0,0.0,0.0,36788.2311293563,0.0,21969.778599970923,0.0,0.0,12030.54899423088,0.0,0.0,0.0,0.0,0.0,0.0,0.0,0.0,0.0,0.0,0.0,0.0,0.0,0.0,1389.6071319176108,0.0,0.0,0.0,0.0,4879.131673042625,0.0,0.0,0.0]
18,0,19-mai,[0.0,0.0,0.0,0.0,0.0,0.0,0.0,0.0,0.0,0.0,0.0,0.0,0.0,23863.888225317703,0.0,0.0,0.0,0.0,0.0,0.0,0.0,0.0,0.0,66438.85132489724,14921.708668999896,0.0,7179.791082618239,0.0,0.0,0.0,0.0,0.0,0.0,0.0,0.0,0.0,0.0]
19,0,20-mai,[0.0,55635.032030161026,0.0,0.0,0.0,2433.9210948250857,0.0,0.0,0.0,0.0,0.0,0.0,0.0,0.0,0.0,0.0,0.0,0.0,0.0,0.0,0.0,0.0,0.0,0.0,18259.92951045613,17507.694486498927,0.0,0.0,0.0,0.0,0.0,0.0,0.0,0.0,0.0,0.0,0.0]
20,0,21-mai,[0.0,40301.77285703846,0.0,0.0,0.0,0.0,0.0,0.0,0.0,0.0,1264.9074605212043,0.0,0.0,0.0,0.0,0.0,0.0,0.0,0.0,0.0,0.0,0.0,61589.24978878635,0.0,37648.47681415044,0.0,0.0,4226.828080572267,0.0,0.0,0.0,0.0,0.0,0.0,0.0,10312.394069104104,0.0]
21,0,22-mai,[0.0,0.0,0.0,0.0,0.0,6947.232849494114,0.0,0.0,23051.804262971527,0.0,790.9417731378211,0.0,0.0,0.0,0.0,0.0,0.0,0.0,0.0,0.0,6231.659950785591,0.0,0.0,0.0,0.0,0.0,0.0,0.0,0.0,0.0,0.0,50845.22513238968,0.0,0.0,0.0,0.0,0.0]
22,0,23-mai,[0.0,0.0,0.0,0.0,0.0,0.0,0.0,0.0,0.0,0.0,11222.054038001279,0.0,0.0,0.0,0.0,0.0,0.0,0.0,3961.9529405894596,0.0,0.0,0.0,0.0,0.0,0.0,103766.69162502415,0.0,0.0,0.0,0.0,0.0,0.0,0.0,0.0,0.0,0.0,0.0]
23,0,24-mai,[0.0,0.0,0.0,0.0,0.0,4401.161150730151,0.0,0.0,0.0,0.0,0.0,28621.5709465244,0.0,0.0,0.0,8889.277770152617,0.0,16448.725569396538,0.0,0.0,0.0,0.0,0.0,0.0,0.0,45110.95383189882,5359.194791918532,0.0,0.0,0.0,0.0,0.0,0.0,0.0,0.0,0.0,0.0]
24,0,25-mai,[0.0,105845.76107703705,108272.93509054898,0.0,0.0,35145.94431761205,0.0,0.0,0.0,0.0,0.0,0.0,0.0,0.0,0.0,0.0,0.0,0.0,0.0,0.0,0.0,0.0,0.0,16911.031420991003,0.0,105348.36618655025,0.0,0.0,0.0,23906.461033663003,48455.11071281081,0.0,0.0,0.0,0.0,0.0,0.0]
25,0,26-mai,[0.0,0.0,0.0,0.0,0.0,0.0,20352.423829661817,0.0,0.0,0.0,0.0,0.0,0.0,0.0,0.0,0.0,0.0,0.0,0.0,0.0,0.0,0.0,0.0,0.0,0.0,61132.68257241742,0.0,0.0,0.0,0.0,0.0,0.0,0.0,0.0,0.0,0.0,0.0]
26,0,27-mai,[0.0,0.0,0.0,0.0,0.0,0.0,0.0,0.0,0.0,0.0,0.0,0.0,0.0,0.0,0.0,0.0,0.0,0.0,0.0,0.0,34480.559316759936,0.0,0.0,0.0,47532.03310000284,0.0,0.0,0.0,0.0,40586.65932994339,0.0,0.0,0.0,0.0,0.0,0.0,3918.148932155854]
27,0,28-mai,[0.0,0.0,0.0,0.0,0.0,0.0,0.0,0.0,0.0,0.0,7176.447931253571,0.0,0.0,0.0,0.0,0.0,0.0,25771.19116490584,0.0,0.0,62680.45852680919,0.0,0.0,0.0,0.0,0.0,14439.167687581617,0.0,0.0,0.0,0.0,0.0,6143.503137526122,0.0,0.0,0.0,0.0]
28,0,29-mai,[46746.85531634152,0.0,0.0,14527.333095191307,0.0,0.0,0.0,0.0,0.0,0.0,0.0,0.0,0.0,0.0,24862.627324605586,0.0,0.0,0.0,0.0,0.0,0.0,0.0,0.0,0.0,0.0,0.0,0.0,0.0,0.0,0.0,0.0,0.0,0.0,0.0,0.0,0.0,4304.134122382995]
29,0,30-mai,[0.0,70696.04979266059,0.0,2313.5258655379866,0.0,0.0,0.0,0.0,0.0,0.0,0.0,0.0,0.0,0.0,0.0,0.0,0.0,0.0,0.0,17322.046901342394,0.0,0.0,0.0,0.0,0.0,475.47671926359646,0.0,0.0,0.0,0.0,25363.8117212788,39861.34139271091,45055.24663270213,0.0,0.0,0.0,49497.65038596914]
30,0,31-mai,[0.0,0.0,0.0,0.0,54161.28332592046,0.0,0.0,0.0,0.0,0.0,38811.08947106967,0.0,0.0,0.0,0.0,16119.43262743308,0.0,5858.954048844947,0.0,0.0,0.0,0.0,0.0,0.0,2529.1959397943856,0.0,0.0,0.0,0.0,0.0,0.0,0.0,0.0,0.0,0.0,0.0,0.0]
31,0,1-jun,[0.0,35320.628672429106,91066.45414411601,18837.96065970905,14482.12267032188,0.0,30964.51140894463,0.0,0.0,9958.82809023667,44429.14067219118,11329.673319681886,0.0,36270.972306449235,0.0,47392.662134521466,8958.328299270615,446.0391260571763,6747.789848726338,0.0,48795.28835096927,47792.455975435725,0.0,111528.49489106394,0.0,14603.164429315342,20461.055323074062,0.0,0.0,17830.411006134316,0.0,48845.95593487192,21405.40365281909,0.0,0.0,0.0,39744.787499306665]
32,0,2-jun,[89929.2333747172,0.0,104707.59988591589,0.0,11708.693849475987,0.0,121383.75290981702,0.0,0.0,22941.35128699626,0.0,0.0,28377.458333177725,29123.98691993683,46766.94942741586,4972.547330264906,0.0,0.0,0.0,0.0,33067.53523155623,0.0,0.0,0.0,49775.75574446533,0.0,0.0,0.0,0.0,0.0,0.0,0.0,81.49320098245437,0.0,45334.96626924265,0.0,34323.03905367017]
33,0,3-jun,[57281.10312471668,0.0,31799.415029042615,0.0,0.0,0.0,0.0,0.0,0.0,0.0,87696.48683604055,0.0,0.0,0.0,0.0,10268.792333161377,524.2065695226661,0.0,0.0,43114.46557882473,16739.441474809937,45590.24146584247,37079.94988331888,0.0,7643.243342063906,0.0,23273.670156099266,0.0,0.0,0.0,0.0,0.0,0.0,0.0,0.0,0.0,0.0]
34,0,4-jun,[0.0,34724.75068573189,27164.962631260685,0.0,0.0,0.0,0.0,0.0,0.0,0.0,0.0,0.0,4552.084243186657,17848.35747004065,883.3214311192186,25141.125837530813,46856.274190122436,46269.78068366244,0.0,0.0,0.0,155486.1604531832,0.0,20085.87818645598,14586.409672335245,0.0,22993.65252076992,0.0,0.0,0.0,100213.43969690743,0.0,99333.47136643957,12095.975081841601,0.0,0.0,0.0]
35,0,5-jun,[0.0,0.0,14827.881424226001,0.0,40671.276883932,12689.523687527102,0.0,0.0,162095.8313310016,49277.16438611081,0.0,27081.145206896377,0.0,0.0,25254.847698259742,0.0,0.0,0.0,34757.949644390035,26124.840318957606,0.0,0.0,11565.98462357684,0.0,0.0,0.0,0.0,67187.17471094255,3100.570202211015,0.0,10830.89792117228,0.0,0.0,0.0,0.0,0.0,0.0]
36,0,6-jun,[42155.37099629826,0.0,35250.82133903762,27506.585082488516,34297.90471428585,0.0,30833.205445120104,8718.550978350399,0.0,32869.021209501996,19342.94025121309,0.0,0.0,0.0,31464.99862990989,0.0,0.0,0.0,0.0,0.0,0.0,66386.9837203388,36072.45646622205,0.0,0.0,0.0,0.0,0.0,0.0,95322.54541243931,17046.283563705423,0.0,48501.96739217492,0.0,0.0,0.0,0.0]
37,0,7-jun,[0.0,12916.623525139663,0.0,0.0,36450.384166395816,0.0,0.0,25975.461351755388,0.0,16467.460177823454,0.0,31409.113746546638,0.0,33839.1770708633,0.0,0.0,0.0,2432.9566599955956,0.0,0.0,6084.327586418084,0.0,0.0,33619.544997072764,0.0,48589.737729098546,40906.42409089232,0.0,18848.52304862783,0.0,0.0,106488.28317509034,0.0,0.0,0.0,5926.090534917754,0.0]
38,0,8-jun,[0.0,0.0,124547.6213704281,0.0,0.0,0.0,0.0,0.0,0.0,21949.739338771855,17854.407976415412,29471.444558459094,0.0,27193.49447315962,0.0,0.0,46802.32142252044,53748.889197031756,52674.2994735009,26036.878505342884,94.37102669402239,0.0,10805.699021723374,0.0,29516.258555085624,0.0,15724.114547355697,0.0,0.0,0.0,18741.246315084823,0.0,126403.19014514597,0.0,129228.86699567332,0.0,18850.957366607407]
39,0,9-jun,[0.0,0.0,0.0,33850.81732736938,56481.625396950345,38411.713413503894,92203.820130367,56356.8724718778,0.0,31624.016559689506,0.0,20916.234460689102,0.0,0.0,36768.70522854803,32620.374352713403,0.0,0.0,0.0,0.0,0.0,55370.63026777439,0.0,106.65812471000707,0.0,16039.350179191188,6615.642723352622,79403.33272175876,0.0,20113.791995117674,0.0,0.0,0.0,0.0,10132.02565633036,31896.55394651328,46709.900813922664]
40,0,10-jun,[12129.362506215539,48688.21655685869,20176.93528800553,0.0,0.0,0.0,0.0,5523.189357745806,0.0,14867.489376447906,0.0,35643.08457215358,37443.44552417449,28364.476962799534,0.0,28323.930665346117,0.0,1500.961097638184,0.0,0.0,16691.49803530205,47586.62555366204,22718.70432762845,0.0,32373.500793149706,30524.996064347142,40930.13765857697,0.0,0.0,0.0,0.0,0.0,0.0,38488.37023022083,0.0,0.0,5119.728470148606]
41,0,11-jun,[0.0,0.0,0.0,33928.44768735618,13862.173137002324,48499.51340793452,29552.8874922767,0.0,0.0,5081.177958433378,109234.23009090447,7204.387818337974,0.0,0.0,0.0,0.0,0.0,1174.9899820339062,63776.48940182767,0.0,0.0,0.0,0.0,0.0,34393.21764441738,0.0,0.0,18159.833154219083,39170.38261480877,26001.537631682833,0.0,14377.644254178445,129759.65299291325,0.0,0.0,1791.6792158236917,0.0]
42,0,12-jun,[0.0,126986.84839516837,12577.870017960855,0.0,15113.304885340256,5560.222916620263,0.0,0.0,92316.60056659227,0.0,27301.864261520062,25201.74403233552,0.0,33794.42143841312,0.0,56384.90178470699,0.0,2289.622723597782,10880.1011979293,0.0,46752.69374118518,47845.72509210802,23570.76004335456,0.0,0.0,15412.736148444284,32088.01610025523,0.0,63896.33533652273,55493.39066659588,0.0,0.0,69625.61057208506,11252.126634022048,81305.58846470185,27727.26105448379,126596.7629613395]
43,0,13-jun,[0.0,0.0,27563.3542713911,26668.9019382996,0.0,0.0,0.0,0.0,0.0,0.0,0.0,0.0,0.0,0.0,0.0,24818.94078226167,20357.977140237326,8846.314629669467,0.0,22743.30292248917,24922.109571709952,18496.76138694559,0.0,14019.044203807882,16844.34050530235,0.0,0.0,30933.378870787732,0.0,1444.460865985885,60892.09725720605,0.0,48753.96207969797,37810.042280625334,0.0,0.0,14772.941456460723]
44,0,14-jun,[0.0,4319.291535635639,30798.975461929207,0.0,21298.363083685243,6083.621977288079,0.0,0.0,48266.7535693113,0.0,0.0,37258.604811259655,797.6734606291417,25234.708341600868,35384.79063849175,0.0,9087.475602455657,0.0,0.0,0.0,37680.533508332286,0.0,9386.077351569202,0.0,20165.192893719268,47964.37501829336,0.0,0.0,0.0,0.0,13784.265482422288,36488.77862648164,63962.51969762856,0.0,69730.0299631854,26792.813610752404,0.0]
45,0,15-jun,[60496.07685759364,0.0,0.0,0.0,37692.87154549768,83822.38666704352,0.0,0.0,0.0,16126.306266060245,0.0,19454.423286384234,0.0,15456.262266183412,149.48801609704665,96885.12173244782,0.0,0.0,0.0,21069.213363543688,0.0,45029.57421378727,28241.208871565846,23799.566582138956,21650.97504781731,0.0,0.0,123226.81691190811,141996.22530145154,0.0,0.0,14574.4965669655,0.0,0.0,5719.675036529092,0.0,0.0]
46,0,16-jun,[0.0,30215.828075592268,28347.813331735477,0.0,5341.9472495771415,0.0,2089.5735910377616,0.0,30345.59510340653,23204.625986234885,4312.926721610615,27447.78095602927,0.0,0.0,46700.8092312491,0.0,0.0,57121.8656134792,39696.57630523764,0.0,21961.380781956137,0.0,45889.26930430137,13086.599191472493,19694.397002121437,35264.39829731495,7617.708631874666,32738.537796788867,0.0,37560.38578130713,0.0,28541.376014170244,0.0,0.0,18534.39450245838,27950.384609138695,44598.16392039279]
47,0,17-jun,[8750.038403302937,2687.0064655064875,18247.74415883854,37151.09706649957,0.0,4568.240906444597,71395.00865009303,0.0,104628.25034898905,0.0,42976.06008689463,46590.8344806178,0.0,46331.94360420521,15162.823007788607,70973.8599217335,137706.79280976922,97042.58814249326,19744.71173244915,54332.17854639509,32852.45365203799,90721.22151032038,173220.04407011185,12603.054338667842,2912.3200640348814,0.0,28418.017780558548,0.0,77912.1632377669,0.0,0.0,37668.95986795177,34781.33242355853,13805.34474751909,0.0,0.0,37027.628255666394]
48,0,18-jun,[0.0,15436.654190088331,905.2803158917143,22420.01914881872,0.0,0.0,0.0,88239.96906924504,52990.77080810603,37026.14483224435,22191.41980056561,0.0,0.0,0.0,68048.85841006845,5131.913298259815,0.0,7148.445224168876,53828.18046259302,0.0,1939.4389069744668,11579.89982216995,0.0,0.0,16809.774117159228,0.0,21993.01126215772,0.0,0.0,104856.88625662401,10096.551923562683,62890.395467397146,13476.91533488804,0.0,10100.627196438008,36259.94713566584,30669.983862669178]
49,0,19-jun,[0.0,0.0,0.0,55662.87369701362,0.0,37522.74028733257,0.0,0.0,0.0,15714.388240408894,19022.12800602839,0.0,0.0,12254.608262636459,0.0,0.0,9274.220119076588,0.0,0.0,16530.16647993088,12562.280674241909,0.0,0.0,2567.782473652646,52079.75558061702,0.0,54480.821271987676,0.0,0.0,0.0,0.0,40055.51667922744,0.0,49844.30743311452,0.0,77011.54711813104,19589.755354997345]
50,0,20-jun,[0.0,126152.1943107807,0.0,3414.803490791657,0.0,5199.621951036838,75112.94547445507,152355.04628724288,18446.015314680582,26991.15029253655,27666.596719403253,25683.4784237612,25680.294524886056,35330.67461731721,32344.801448076018,41479.7679146564,129895.8609253345,75051.23073030356,0.0,3034.1580171411,104673.07491299754,79418.46278470698,0.0,0.0,5343.531116119844,122543.46400892865,56290.26657242109,47650.67077717542,45604.26291788029,0.0,0.0,0.0,0.0,0.0,33.057825654329385,45537.96130989662,11131.625363310837]
51,0,21-jun,[6708.41256290829,5931.266265913316,60131.961920620844,37307.34288654755,17002.357628709255,762.0436553473508,0.0,0.0,2699.941096812906,35108.38014108566,111305.60195061385,22970.648679334376,0.0,68105.12937829667,38192.802773040334,0.0,0.0,0.0,0.0,0.0,0.0,76395.75177286234,89862.25830639688,100842.31122037767,0.0,0.0,5811.983799506426,56744.777121710256,0.0,0.0,10483.72818511862,1171.0999498614474,23156.12998350533,0.0,88468.46671970289,0.0,62479.240144488016]
52,0,22-jun,[61066.122293286404,0.0,98838.7933447805,0.0,0.0,7579.842376870678,0.0,154010.48432660606,0.0,66571.37665308591,7643.831159859433,44171.480476017685,27953.454416172124,0.0,23847.480243733044,24186.817052542512,6324.301978479098,11916.441046898006,20743.23626798731,0.0,38476.781588841375,78945.61769881587,0.0,49803.91866405151,42193.393132332865,16895.2926181016,0.0,102561.71250221692,0.0,0.0,67246.46868691895,46483.05870785748,19291.447604345936,86867.08891716745,0.0,51117.58466534194,11192.90564405715]
53,0,23-jun,[48701.29650193549,0.0,22107.335177988734,0.0,52717.08735353396,0.0,69873.92181392874,13434.389615370894,0.0,50106.552029869985,0.0,0.0,34681.91368671262,0.0,14372.336975910293,21199.911355198146,0.0,0.0,49307.651614426875,0.0,0.0,0.0,73786.98193991541,26712.093696172782,0.0,20468.87735321135,42720.717365730816,2006.9673974851212,0.0,50368.74883706997,77494.07247757583,2560.780103628753,0.0,0.0,37878.18376842542,792.1813471342102,2366.670531398241]
54,0,24-jun,[0.0,76375.06126891554,0.0,33769.00661243726,33212.414590143744,0.0,972.0765035212478,73406.23374518947,0.0,34710.50579362068,22598.61854054848,46536.10546899707,95313.55098911359,42973.706391295076,28878.372302849704,0.0,0.0,55017.75121960212,21731.38568707584,43817.5031213801,4611.649803304547,73574.13820818602,0.0,16905.21242317088,0.0,16778.96697265384,65572.62326170682,0.0,0.0,0.0,0.0,0.0,42196.49426843263,0.0,0.0,0.0,34985.684712981]
55,0,25-jun,[135881.55703466188,19955.955939619096,0.0,22391.108786056237,5621.301105138995,0.0,0.0,375.0136643622509,0.0,71747.21595624844,0.0,71008.67467946422,25776.938218957475,20688.602635537518,28757.606521203405,14572.315043580995,17292.925911481645,172.53231180630183,0.0,0.0,20678.134929144908,0.0,10032.652036520627,122373.62176563405,0.0,16180.003912506392,18129.039714970586,32054.16189257639,0.0,49488.123380852776,0.0,25683.15653737724,30458.60094966223,34328.747706570604,40037.63645418838,49756.27683680731,17873.83607534248]
56,0,26-jun,[30442.17013494392,81836.79883640859,28715.581777361986,17528.46462669521,29262.734254236217,62796.36103250949,0.0,0.0,0.0,39865.739578784734,24817.533293981698,44883.00251912565,90422.2381924771,25643.341348958085,0.0,0.0,0.0,5131.652249640933,0.0,0.0,50080.08517026587,0.0,41740.77946208414,54729.33871493049,37247.95254032777,94.89159945118824,60349.02953751101,0.0,0.0,75703.99894967634,23649.93187429486,47761.83390146108,100209.6970478772,50675.854353438524,45461.82937950137,74467.38227343919,43133.13687973154]
57,0,27-jun,[49081.072160600896,15989.995911283375,120915.00910397027,17495.003483185155,0.0,0.0,0.0,3820.402498031207,58734.55393975225,0.0,0.0,59355.38736273744,0.0,22049.458290251278,34425.4182183675,46634.040339957304,0.0,0.0,0.0,1530.5448201286977,0.0,70861.03185920657,0.0,19129.059436549687,20662.785970738973,63527.74348543831,21592.476249113864,0.0,50031.0304730358,47870.8651920118,151544.1166432861,12114.429691647629,0.0,0.0,0.0,0.0,41221.45005662927]
58,0,28-jun,[19395.21120485683,0.0,44991.039342518176,3048.2365728303175,22469.46258092967,0.0,0.0,38883.26689016793,143964.7036330766,20853.717078092013,14710.102901645607,20982.125293803645,0.0,0.0,0.0,0.0,52546.81632791899,0.0,0.0,0.0,38525.94582198815,0.0,0.0,68850.580575206,35835.40950323129,16470.52370673635,32129.53225378263,0.0,0.0,0.0,45203.917922178785,27266.919143844407,47878.9136046543,0.0,20846.181545855226,39041.34728616577,3285.203402082219]
59,0,29-jun,[0.0,0.0,0.0,0.0,0.0,0.0,59015.18878734675,79278.51059106276,0.0,0.0,0.0,81461.65038186923,0.0,40574.39156293015,37676.445512215825,0.0,0.0,0.0,45287.09994818593,0.0,7510.308566798091,0.0,0.0,45855.916128693294,215.40752027707447,70907.0775690449,0.0,0.0,0.0,0.0,92954.77335580064,0.0,29394.55258915011,75979.1419293646,0.0,78315.09139238016,28263.832029735346]
60,0,30-jun,[8635.48336158445,0.0,0.0,47756.2013882452,90757.07304507491,28514.452267633333,0.0,0.0,0.0,21468.10177210267,25713.044581122773,41408.60639443124,0.0,49006.792149092216,0.0,45746.570999491574,0.0,0.0,66971.79580331528,0.0,0.0,0.0,0.0,40737.10425238875,0.0,31654.09771397591,0.0,11909.392505458207,0.0,0.0,45476.80872710808,41727.36543622954,0.0,0.0,8637.04541898851,0.0,20885.988679485068]
61,0,1-jul,[14640.846693457854,100479.88117962709,17202.39395121309,2762.6388007450014,0.0,0.0,17026.573704396476,0.0,0.0,49956.69490294427,0.0,1876.161843226726,22685.928039635106,0.0,11325.990868794475,63647.34790325072,9493.88186646648,15500.869838262835,0.0,77340.02875705008,0.0,57405.17382388963,0.0,36914.48894381971,46214.40165240306,25378.393895560977,11541.352628786932,15818.748167802507,20554.620355879,14419.983802181487,10990.480912599247,14214.264119258281,0.0,44554.95472839958,137959.9315339903,74076.02550135757,32217.097711977218]
62,0,2-jul,[0.0,0.0,43417.41018942989,0.0,48161.99136407309,63440.596783337925,0.0,62853.648420999634,50664.28377902247,54914.03038472563,0.0,36337.89549700144,1620.3583190741278,0.0,38547.261005031934,0.0,12417.03626627588,66586.53124651956,124400.20866431446,13155.501197025063,6476.934290949855,0.0,0.0,38500.46686357879,86101.68435094108,44018.59849639063,9053.818293073378,48615.30216858008,58525.66386031487,34631.0584673519,74187.93461818025,65950.14439708334,0.0,0.0,86174.99479279123,60541.70904194058,15989.497582367068]
63,0,3-jul,[16017.678656385082,0.0,7378.818932823331,0.0,45702.88364866848,46733.41633648927,102063.14090315891,14675.418547695099,0.0,21522.324700710193,8258.672299927699,40169.216080066064,15563.348645380387,0.0,69306.79292749493,54526.87779258206,6902.663655813858,60883.16767920858,31643.778733232648,0.0,52501.87988493842,35509.57770437326,0.0,33664.83586300982,12729.553023141241,71146.8065285381,3091.3924941489113,0.0,52429.43471311239,38479.41249807691,3211.9890335485693,45114.18807297164,0.0,35572.443526285875,163.240204092787,43530.69068766726,0.0]
64,0,4-jul,[33605.43896656618,44460.75355592893,12672.832226592804,78813.03472108496,7860.452406134293,0.0,71516.30902937763,56222.908779903744,0.0,26838.663765690642,0.0,38471.52501684559,32939.65011522676,0.0,0.0,71062.76969862316,28995.93185860141,774.4328155852145,0.0,30181.59961469881,24656.56330876846,11154.762952012921,60817.5691434195,125523.26551821952,0.0,48809.25965551,21730.480985115544,0.0,2568.369281116385,41441.15404018433,0.0,0.0,27185.37911591261,4797.646647102247,0.0,20355.771617564984,33692.68997183539]
65,0,5-jul,[0.0,85062.91838308537,0.0,28794.929009503336,51588.921708056594,51814.78049858604,58605.46007737539,18041.494365424813,64172.9076086591,37082.473861531864,28005.559961559622,36627.49458524105,46257.53226237984,705.4571790358502,0.0,12060.166691224485,65333.778179980385,24571.40060669848,1204.4264117859307,41769.887985846915,0.0,25759.33411107837,0.0,19855.696241079757,30446.551506756,49174.579413750136,35425.112837004286,45961.385510922664,60182.73667636612,59951.04091777403,59521.09418580005,24924.26043389632,17977.409765172946,0.0,36628.23927286028,55080.23194029713,71534.0768219054]
66,0,6-jul,[12571.167375757363,46363.60369474003,0.0,70637.71074200785,0.0,0.0,0.0,45071.39768118689,0.0,68733.54743896986,61541.62747099724,27830.02453324059,0.0,69209.57361623814,39954.65799966045,0.0,52179.86316644174,0.0,0.0,5086.400080153916,545.0112501633569,4771.167996722164,0.0,0.0,66687.6701437843,40056.40847325082,43736.61917748205,183618.92904965408,0.0,0.0,21178.275771780744,0.0,43707.756737987605,22112.692600718645,0.0,0.0,31620.654443509695]
67,0,7-jul,[6467.41018066701,63872.135181611535,29161.67919482507,10220.302133407531,10054.638270238032,0.0,0.0,10313.448416278126,39040.9260784948,38338.57629403502,0.0,0.0,0.0,0.0,2806.180919808621,0.0,18684.003565850613,0.0,0.0,55193.12320653019,23646.43781485779,13375.054580206346,0.0,26586.474141830993,22383.335377980344,22821.41627974605,63005.64612042556,61707.20543057093,9992.048209533945,44383.079919679614,80711.28662640238,33926.846367275044,49106.85399880251,0.0,70649.00173273333,89025.83598275468,30540.193417289687]
68,0,8-jul,[22677.576448773896,75611.09947805312,1769.9292076556176,41085.882121280054,68616.91264196161,0.0,45940.860331391465,41842.28160170682,1073.0742340111567,0.0,71995.04045612519,17146.251017776056,48838.567671494544,24015.866358896976,35818.64628619854,81789.7216786205,12981.767989435768,56819.456335981675,76445.96295182117,0.0,0.0,32101.05879967212,60967.19483387697,44705.82479786182,48467.301972492525,76378.54000253273,51547.301795473904,0.0,2969.3029272146887,10392.964685563264,56407.663912615775,0.0,0.0,72389.74601536307,0.0,76379.04979530443,15950.396196955775]
69,0,9-jul,[1640.8618594225557,104363.60763562613,0.0,10507.711695350388,73330.44172080069,1296.5932602052012,0.0,46365.018476821395,72300.5483914657,52384.077587868094,38642.48601736682,77435.13680930014,28775.853908494788,62063.318448098864,0.0,54267.010779629745,0.0,40109.913276825086,0.0,56526.02377799862,22998.82614536132,0.0,7243.017255769395,0.0,0.0,0.0,3017.311747127828,0.0,0.0,61978.252351834446,19037.157625639276,0.0,0.0,0.0,48022.23104533499,0.0,15884.05362545159]
70,0,10-jul,[24763.507811785817,0.0,0.0,4067.235149978148,58132.236283134655,0.0,0.0,5076.927821373808,70043.11959020057,0.0,80781.78871164024,0.0,0.0,47598.66649996781,55735.98680958312,26487.757466894836,95954.97570025029,0.0,0.0,76949.18785091421,0.0,40418.9404169827,0.0,5330.666647474478,1883.5386271632005,0.0,23693.61407268785,0.0,80251.8341297039,54376.52789160071,140301.28658514164,0.0,0.0,35234.76094777096,0.0,60562.22099010276,22822.58868610432]
71,0,11-jul,[0.0,16991.498905066033,22603.832097338767,0.0,48412.824813894986,22346.550811360245,44809.171181782476,0.0,34678.5924486068,2555.367973989914,3342.7289783581186,0.0,46252.02889699636,27208.053414740265,0.0,0.0,46192.656121281834,0.0,34498.87884217717,23954.360933855754,23885.604093051472,29775.362546353215,38600.72771008149,28157.219599230826,1759.4064709725544,24099.44922645723,0.0,0.0,60330.18759047041,0.0,106497.38172137119,37283.956037002754,0.0,60668.65584811754,43853.7442033649,15282.3377494907,98145.79151703206]
72,0,12-jul,[49621.0530752552,33971.84254866319,99914.83198210906,35155.52344579243,28.136733571452336,10092.558555401341,0.0,75337.9176543123,14828.701866777652,0.0,28141.822717149447,17516.714008052266,0.0,0.0,26460.075299063094,85708.98168994962,0.0,40994.21893354576,0.0,6329.682340381313,0.0,46288.662563568454,55723.57392103877,107641.32230416697,0.0,71839.41887277721,58099.7974667152,399.7241144593211,61315.235737960094,33307.71741565325,30437.528842757994,9779.608199760813,42599.37176109105,31644.928823619768,20514.943706346985,0.0,26476.308902650562]
73,0,13-jul,[0.0,24676.161840885303,119497.14734844485,52219.66594614091,37254.958969886145,17747.17010525534,53752.95777395181,0.0,0.0,70723.26820740869,0.0,0.0,978.2665364917042,5225.756788721322,59484.226809508575,31915.124217326127,0.0,19027.206384143356,33664.59846580123,0.0,0.0,0.0,45874.16349458801,44720.64088840222,0.0,57096.37964498733,67130.34724123991,19567.830305376494,35404.742934005335,32155.1869821012,43575.63198946959,9285.580159894253,75510.39471308907,0.0,0.0,59480.22058038871,56813.73338318063]
74,0,14-jul,[2693.091096043464,0.0,21806.848640342545,72387.60149174456,51261.811493516376,0.0,44079.16166363138,0.0,0.0,31686.67255487376,77834.78930457191,65904.29235059393,28634.892835441155,41914.694682627465,4042.2164741769743,183163.83876580262,0.0,0.0,0.0,0.0,0.0,0.0,26067.370891695777,0.0,0.0,0.0,0.0,19449.282021326522,10417.094067708204,0.0,0.0,0.0,181092.0077504239,0.0,0.0,106827.23968472457,108269.91066152928]
75,0,15-jul,[58583.842857828466,56729.379684384774,35050.97910547143,46851.505907206294,41992.42465624896,0.0,1210.7690013598574,0.0,0.0,40896.44453379415,92564.3397657663,0.0,32787.10518540969,21637.03001241114,10095.379921879196,69977.1441460066,33668.88254329272,39834.09833531036,32131.64133997131,9344.221836828725,116922.5874186274,99334.6021354191,0.0,13434.045303878867,10168.787685206307,62092.383329191114,73528.81286770648,0.0,22484.490852658302,47175.51978272419,68068.99695344098,0.0,76147.81470446491,70759.36378883208,95331.0715724321,66212.6027071396,0.0]
76,0,16-jul,[0.0,0.0,3618.247425154062,0.0,30882.86129010511,0.0,0.0,68232.17446117102,10.79676835456715,0.0,52795.59912311606,7032.8745702224,0.0,0.0,23129.052403641897,2068.839283320356,0.0,0.0,18454.57124043169,9985.644267496053,38796.413185765756,0.0,0.0,32108.299421343167,63824.040897219245,22791.16291939217,475.2494325893753,18124.706988995924,42270.9779068058,14687.537230427097,0.0,26750.801872926797,35004.561019861314,20026.059169050175,44499.78973193017,46526.26089821507,0.0]
77,0,17-jul,[1987.559325858629,0.0,0.0,0.0,59868.43679428151,0.0,0.0,0.0,79969.41174123221,9981.667004150955,0.0,17303.40888633121,4844.5412197727455,76227.89592130782,0.0,0.0,0.0,0.0,3790.3644890460255,0.0,37270.1810104108,54884.5339763829,0.0,0.0,667.7252236785897,0.0,0.0,77231.54353418847,3446.3554475825777,0.0,58810.73677644696,31605.167731455655,0.0,79283.72175170193,51544.623820617984,0.0,3146.2709916361223]
78,0,18-jul,[118114.43920702054,64801.63137826543,31643.5158498984,61089.64343814859,30944.258267977093,71.33696678904056,12226.49608717133,67480.0344011802,64560.2720499122,0.0,68315.28369211662,14436.646078278813,0.0,0.0,25491.827068263032,47394.468412467155,0.0,433.2626960764364,0.0,0.0,0.0,0.0,48740.40669926649,83167.32566449059,0.0,0.0,38536.270704835246,0.0,31963.959831498334,0.0,0.0,69409.82284141361,9158.394740933236,0.0,136431.92512285584,33712.85768034896,101757.60333387813]
79,0,19-jul,[57017.58802083265,0.0,0.0,0.0,8975.578958256549,9631.821571760236,0.0,0.0,88565.93083773284,2376.250727638836,0.0,0.0,0.0,0.0,40627.9291005536,57467.14497728186,0.0,0.0,68954.71049751424,0.0,84897.79116485716,52962.99709704107,20255.485815282853,23721.513068703644,869.4459311386163,68900.58521408829,54655.10323769633,0.0,8688.108754781671,0.0,63888.80459400012,34495.58996225203,0.0,72331.75514893456,0.0,51137.33726676076,13319.513989975116]
80,0,20-jul,[0.0,0.0,37772.64668596915,67582.50353463375,46973.70071811399,0.0,0.0,79464.54132628816,0.0,0.0,13575.09641441981,42858.6415004632,84973.85677183451,19879.604669306173,26159.515744546818,0.0,0.0,48223.64910456316,65218.25298547343,107634.82816034216,0.0,0.0,0.0,73926.44087233368,103777.20121541905,0.0,73999.28133952255,0.0,0.0,31925.481917376434,0.0,0.0,0.0,625.9124938056099,50502.19900802057,80632.89857689623,55062.86972043097]
81,0,21-jul,[27928.37892917809,101642.52726152407,56608.70035525455,69502.15961771787,23934.587472493993,16170.837817797317,5.0407927330487485,0.0,1896.2142343228275,47217.45045757763,14741.245647176049,42247.37410800752,53540.98116979268,64429.32089941047,0.0,0.0,61257.78041024551,0.0,23349.43589508358,62490.0968650391,20141.121168281017,63223.46415440613,0.0,0.0,36012.830788981206,0.0,786.6093078333093,64124.883685199966,4414.547174902371,0.0,0.0,0.0,27129.562631188506,16276.932008508276,30358.213171398358,122939.8824288831,15030.644845043524]
82,0,22-jul,[62884.21775454344,0.0,48337.961048701174,0.0,0.0,0.0,90.56277411700336,28403.960168517544,88946.62083734472,507.31339888727564,81246.3281788999,22299.992016057553,54529.82455008764,65170.670808417424,647.9729942723126,0.0,0.0,79778.50917038147,66882.65553626597,24936.301358026623,0.0,5219.14059936096,94473.82298391555,94357.88598469022,0.0,30166.883735602514,0.0,8237.115620477527,33445.05062636872,89694.63679490416,48631.65865491041,46555.038785899356,0.0,0.0,25368.582967315677,7701.214179018249,0.0]
83,0,23-jul,[0.0,50450.06102631334,0.0,29616.368700174186,0.0,10022.339738978257,0.0,17275.485307958043,15940.463882034674,22332.736654746128,9257.162184178376,0.0,61122.481799274,59416.18158396749,66034.7031376089,0.0,0.0,0.0,0.0,51822.309487318635,31537.1591261591,54845.53800994463,0.0,5263.84889089076,0.0,12208.73067534347,32544.03729073122,38258.79490770907,0.0,0.0,0.0,13083.156351259538,17193.948523516054,41251.87251477791,0.0,0.0,0.0]
84,0,24-jul,[627.6558991583172,17810.612338387677,0.0,1740.6641198297393,0.0,40701.56458592047,0.0,58748.04997393814,0.0,0.0,0.0,83022.8223086192,0.0,40239.8605086051,0.0,0.0,51816.31753395391,39151.00584953686,7274.8266590007115,1382.2281470275668,0.0,63664.35375240345,0.0,2712.090716498651,17913.06056777515,0.0,0.0,0.0,0.0,62606.75782072223,13998.27735984787,44076.55676695818,0.0,51789.70576737157,0.0,0.0,11964.723805040538]
85,0,25-jul,[0.0,4563.7944384099865,13762.618329506164,0.0,64850.07591489198,0.0,0.0,0.0,0.0,57862.52414276842,0.0,0.0,0.0,24893.415886458497,52783.13639746189,0.0,0.0,127745.33594443885,0.0,50640.34833599441,27483.072390574314,67547.15844084484,92104.40027000567,78774.50203593823,103472.05492933905,33588.754080356724,0.0,0.0,0.0,0.0,6596.629135242386,0.0,0.0,140268.36689002695,50226.8741025727,0.0,30722.59803106368]
86,0,26-jul,[31438.287748170547,15520.134063957772,0.0,561.0150687417084,4761.920180523595,0.0,0.0,0.0,0.0,23464.1488837063,0.0,0.0,0.0,3659.026778293295,65685.21998229901,38203.67518481472,0.0,21677.60803675424,0.0,24339.66234880492,810.0541896812307,80866.9769422959,0.0,19137.356631340932,0.0,67873.12734472824,812.5492511002815,13528.318032615507,24752.15028744699,0.0,0.0,0.0,0.0,14810.192722818303,0.0,0.0,31741.35386157913]
87,0,27-jul,[0.0,0.0,0.0,0.0,2608.3281394728033,8883.077482403172,69164.39517002233,0.0,0.0,21115.09353873732,68890.42403205429,0.0,62839.94355645988,58126.1140157705,39081.947293925696,0.0,128449.13742493682,0.0,0.0,0.0,8281.513041387032,36783.46699970024,16934.69416956458,0.0,0.0,0.0,29373.54807658001,0.0,123371.54265709792,78996.48787887326,5602.2179051134635,0.0,68946.79035482144,69742.23191522292,0.0,0.0,63083.78267307429]
88,0,28-jul,[140778.93169244198,0.0,59753.23648399921,0.0,0.0,13944.645171119737,33197.10981803294,14878.416780018213,68629.44131816886,70495.75860498408,0.0,0.0,0.0,64571.81137521606,22255.712790972724,40182.41083815041,22026.206132220905,0.0,65734.09735243757,56043.68076763512,18657.37458651781,0.0,0.0,34518.270051494015,0.0,0.0,28493.062218946747,0.0,14170.584028550344,0.0,61797.169502280536,30467.697592857938,60165.36602056967,52666.88624309288,0.0,72958.76814537283,0.0]
89,0,29-jul,[26199.76749452991,56.93913609638763,0.0,25738.207344388877,28555.518466699014,101113.91612577451,0.0,0.0,45865.50479735664,27839.802294873585,0.0,67218.90478211173,0.0,62278.48653499419,30627.36306379837,46603.50092602032,0.0,73790.81340829327,8138.348247531066,58629.72839669947,10009.701160433966,0.0,139497.42891948225,0.0,17163.63674706299,6250.936088132915,0.0,0.0,0.0,26072.71023189625,47999.89984581969,0.0,4191.845133825576,185.0822911134098,2476.8475168659215,35871.57498148222,11767.454444951916]
90,0,30-jul,[61953.892769248276,0.0,0.0,919.1132657179369,0.0,56731.54942365378,0.0,0.0,11209.858789291178,13514.567735412493,94221.86811040822,0.0,0.0,33526.461255751994,0.0,18178.90885831069,64462.52711604648,35221.49643032425,0.0,0.0,5536.4479965152,17516.449183764827,67363.80345040486,7464.217778880779,0.0,18759.088398388645,22543.043882100257,0.0,0.0,49986.58316546404,34510.72371296298,0.0,52610.46512606438,56995.720532423926,0.0,75852.33475975388,0.0]
91,0,31-jul,[0.0,0.0,0.0,27138.654181216283,0.0,70486.98127921984,0.0,0.0,0.0,44466.10116231895,0.0,0.0,0.0,608.9978716626501,0.0,0.0,0.0,0.0,68043.70786676166,42928.23459876154,0.0,0.0,0.0,95243.3678683322,0.0,0.0,0.0,16900.311811036703,44513.37021553668,0.0,0.0,0.0,71107.05549777062,0.0,0.0,4506.956108592416,0.0]
92,0,1-ago,[0.0,0.0,51148.005566272295,11977.33452871192,16525.292113980147,28833.935212365082,0.0,0.0,47457.21642624864,0.0,57858.72603922198,0.0,3943.5214327567114,4341.556087802989,6235.440200026308,0.0,0.0,60176.34302985403,18213.420892997307,46770.04856473598,0.0,0.0,0.0,0.0,65015.961601509436,0.0,17462.981492006267,5701.649488713704,73415.75339690164,58699.22235859663,26973.138670492834,0.0,29403.9638692701,4709.5744245506285,0.0,0.0,0.0]
93,0,2-ago,[0.0,27966.13179974891,36297.80975351542,0.0,0.0,0.0,0.0,0.0,0.0,7159.085355578896,0.0,0.0,0.0,35845.69366799668,0.0,61047.261092616165,64333.17269157189,0.0,0.0,8073.662496820377,20524.819127165465,0.0,0.0,0.0,0.0,0.0,57525.85685130168,11014.987100984905,27517.509316820353,0.0,0.0,0.0,7807.883495918749,0.0,0.0,0.0,0.0]
94,0,3-ago,[0.0,0.0,0.0,55663.9537127265,21938.854187228862,62492.394967138476,0.0,3553.427318531016,57556.27893810657,4972.3737772279,0.0,0.0,0.0,0.0,0.0,0.0,0.0,24026.727121880656,0.0,0.0,31722.11648788149,0.0,0.0,0.0,29981.477544164132,0.0,10102.918601055517,0.0,0.0,42257.25984746089,0.0,0.0,0.0,15316.91363861044,4306.075812905325,0.0,0.0]
95,0,4-ago,[39777.589116566756,0.0,70061.21961404665,21517.022333454122,0.0,0.0,0.0,0.0,60237.86875391254,0.0,53364.572871251665,93203.84147719729,0.0,76686.70768659796,67276.98591146409,0.0,32808.571449072115,0.0,0.0,0.0,82248.27707129755,2883.384122274526,0.0,0.0,0.0,0.0,47271.49106164985,43234.82091135779,0.0,0.0,0.0,96741.23317054701,127809.6434053676,0.0,0.0,0.0,6389.975014684504]
96,0,5-ago,[0.0,0.0,0.0,0.0,0.0,0.0,0.0,0.0,0.0,23952.26668864219,0.0,0.0,152199.5751978382,42655.65392594845,56270.13500754128,0.0,0.0,142548.54191698902,46804.35896161786,27635.039779083294,9670.485876093077,0.0,51383.12359394324,119812.0004031124,0.0,55.42570226018261,69699.48855980624,0.0,0.0,0.0,0.0,0.0,0.0,0.0,0.0,11903.838609339551,57825.80336730134]
97,0,6-ago,[21815.682523754043,0.0,0.0,1326.4197906419186,12958.315248797326,0.0,6086.926463690276,17431.879874931576,0.0,21674.611845016814,4676.991438569257,0.0,0.0,0.0,15615.182568263226,0.0,0.0,0.0,0.0,125223.25317406513,0.0,0.0,0.0,0.0,0.0,0.0,480.35076627480396,55254.978540784425,0.0,0.0,29857.967114515122,0.0,0.0,0.0,24669.44840240333,0.0,0.0]
98,0,7-ago,[14219.877436616473,109487.10242041822,74430.55386897291,0.0,23652.39682443728,10549.351493405207,0.0,58700.42469111034,1930.2198865412781,0.0,50975.572896879436,0.0,0.0,0.0,48167.41012172598,3683.142778791614,0.0,6034.495387621154,0.0,0.0,0.0,0.0,9971.430988961381,16348.669630727567,0.0,0.0,80429.54036152066,0.0,70429.54651854667,34709.447926430155,0.0,0.0,25418.161555968367,56538.65445229828,0.0,52361.58285726179,0.0]
99,0,8-ago,[6195.090493569823,10934.092077404268,0.0,0.0,0.0,0.0,0.0,124286.85787160372,0.0,0.0,0.0,0.0,273.64343224001846,3030.0797343607223,0.0,0.0,0.0,6655.954131043743,0.0,7910.661846998374,0.0,0.0,37556.12768465633,62375.12084911131,9518.586975397013,0.0,59178.275860056994,0.0,0.0,3112.6036128028845,0.0,0.0,0.0,12128.183111696251,51308.72228859475,49516.09196541799,102987.10437294531]
100,0,9-ago,[36201.45980824176,0.0,0.0,8514.652616885909,0.0,0.0,0.0,65200.42444527218,0.0,51624.64353068704,8453.639652856062,0.0,30858.87879317775,0.0,0.0,0.0,0.0,0.0,0.0,0.0,0.0,0.0,0.0,31212.628838779925,0.0,0.0,3228.6325053661517,8077.76346724193,0.0,62624.5754741628,0.0,0.0,25066.065331467747,130513.17949881173,0.0,6147.736159821107,0.0]
101,0,10-ago,[5830.359190170555,119283.83209356897,118504.60794306078,0.0,0.0,0.0,0.0,40978.45054774561,41292.00685928869,0.0,0.0,0.0,0.0,1181.1937854070788,0.0,129159.43066706769,0.0,5153.492004627349,0.0,0.0,5536.601708355506,0.0,58795.68837320329,0.0,0.0,24060.843165071306,855.5928201794331,0.0,114234.06705637593,0.0,1325.3125393648816,0.0,10932.610140464189,0.0,0.0,0.0,0.0]
102,0,11-ago,[0.0,0.0,0.0,26614.788901392556,20123.338050110113,0.0,0.0,76249.88996805585,2563.785612173817,22162.183622120858,0.0,0.0,63939.749032250336,306.4258986693919,5888.806614316544,0.0,0.0,1355.380574665818,123453.15803933704,27384.603536803992,0.0,0.0,10875.399006384167,0.0,0.0,0.0,7246.391138255074,0.0,78477.6631513822,94150.14748879087,577.968589814717,5360.191720258321,1076.3585912165688,0.0,51007.23084766814,0.0,108623.69324393054]
103,0,12-ago,[0.0,0.0,0.0,0.0,69924.39738456995,123311.01255156568,0.0,2991.489959165181,0.0,29102.88378040478,0.0,48624.54370222199,0.0,68696.95887022736,24879.64944710479,24252.58532116169,50141.22214360686,30175.19092296156,0.0,46969.2203923764,30294.879390670183,0.0,58143.747859725554,70986.00681107483,0.0,0.0,8369.405744942931,1419.713579196297,0.0,1542.2322716646388,0.0,0.0,0.0,0.0,0.0,92594.79944820447,77192.01959380702]
104,0,13-ago,[0.0,20582.550997116996,0.0,0.0,41007.11229046852,0.0,30215.991646923376,0.0,0.0,59001.36112752589,2072.372397811716,0.0,0.0,80430.60691654908,35039.84971819674,57539.420587973866,35058.74352099802,0.0,38306.437870129455,0.0,0.0,0.0,34740.941671905326,0.0,0.0,2627.8901857337314,52039.81900718766,0.0,0.0,0.0,0.0,56333.704136388325,0.0,1078.623463512858,7523.880354035326,0.0,0.0]
105,0,14-ago,[12848.339886148504,0.0,0.0,10830.3194945539,59116.10533881612,0.0,0.0,0.0,40232.294519860676,0.0,0.0,0.0,0.0,58022.65719277989,0.0,54726.38558878474,0.0,0.0,0.0,9.986286675456052,0.0,0.0,1004.5916613592789,18330.441129663068,103878.19857245573,0.0,35544.52328529181,0.0,10350.072290317243,0.0,0.0,0.0,55421.15309675232,0.0,0.0,0.0,66605.00959916897]
106,0,15-ago,[44218.182379214224,0.0,0.0,0.0,0.0,0.0,0.0,0.0,0.0,0.0,0.0,0.0,0.0,0.0,0.0,10538.872608585347,0.0,0.0,68245.24566026236,0.0,0.0,0.0,0.0,0.0,0.0,0.0,0.0,7003.727834093805,0.0,0.0,0.0,0.0,0.0,0.0,34307.05766527672,0.0,0.0]
107,0,16-ago,[0.0,0.0,0.0,0.0,0.0,37374.50479697356,10271.641577849326,0.0,0.0,57824.084581991774,0.0,0.0,0.0,0.0,0.0,124205.28118225042,0.0,0.0,0.0,0.0,0.0,0.0,0.0,36501.94655602862,0.0,0.0,0.0,0.0,0.0,0.0,0.0,0.0,0.0,0.0,0.0,0.0,0.0]
108,0,17-ago,[0.0,1932.1987360297567,0.0,0.0,64055.15388496856,0.0,0.0,0.0,7843.695368381931,0.0,20978.323830436777,8055.459626689118,0.0,0.0,0.0,0.0,5631.061166923952,0.0,0.0,0.0,0.0,0.0,0.0,0.0,0.0,0.0,669.1993219172814,58384.60935988052,0.0,0.0,0.0,0.0,0.0,0.0,0.0,0.0,0.0]
109,0,18-ago,[0.0,0.0,0.0,0.0,205.41953034031945,0.0,9562.57958900496,0.0,40131.06783274248,63129.27711675194,0.0,2368.06152941188,0.0,0.0,0.0,0.0,1204.8493604006717,0.0,0.0,0.0,0.0,69854.24777659091,0.0,0.0,0.0,0.0,0.0,54720.0655291941,0.0,0.0,0.0,0.0,0.0,37545.94414403712,0.0,0.0,0.0]
110,0,19-ago,[9199.454172650992,0.0,0.0,0.0,53895.08529710338,0.0,80.84284106163601,19955.52775960035,0.0,29875.711463836527,0.0,0.0,0.0,0.0,0.0,0.0,0.0,68093.83071405633,0.0,37559.02985218296,0.0,0.0,70171.78891611058,0.0,0.0,0.0,0.0,0.0,2765.7571210088386,8405.159062565179,0.0,0.0,0.0,0.0,0.0,0.0,0.0]
111,0,20-ago,[0.0,82242.15507374739,0.0,0.0,0.0,0.0,2443.275237791414,33616.0232292442,0.0,0.0,0.0,24081.431428966993,0.0,24054.53069409973,0.0,0.0,0.0,0.0,0.0,0.0,0.0,0.0,0.0,0.0,0.0,9199.793993106257,1618.784735793213,0.0,0.0,0.0,0.0,32056.263987030557,0.0,36969.37496716625,0.0,0.0,91777.87343988403]
112,0,21-ago,[0.0,0.0,0.0,63706.106297874525,0.0,0.0,0.0,0.0,0.0,67202.43244907135,0.0,0.0,0.0,28252.42942347984,0.0,0.0,0.0,660.3671460431159,0.0,10628.374826811312,0.0,0.0,0.0,0.0,0.0,0.0,0.0,0.0,0.0,0.0,0.0,0.0,0.0,0.0,0.0,0.0,0.0]
113,0,22-ago,[0.0,21824.212368460805,0.0,55821.84498165621,0.0,0.0,0.0,0.0,0.0,0.0,0.0,0.0,0.0,59753.115146428056,0.0,0.0,0.0,0.0,9901.459928387609,0.0,2221.5051284679466,0.0,62194.81547076706,0.0,0.0,0.0,0.0,0.0,4208.280215561046,0.0,0.0,0.0,0.0,0.0,0.0,0.0,0.0]
114,0,23-ago,[0.0,0.0,0.0,0.0,0.0,0.0,0.0,0.0,0.0,0.0,0.0,0.0,0.0,29250.298425159206,0.0,0.0,0.0,10543.563634868498,0.0,9534.27164044777,0.0,0.0,0.0,0.0,0.0,0.0,0.0,0.0,0.0,0.0,0.0,0.0,0.0,0.0,889.0760935891195,0.0,0.0]
115,0,24-ago,[0.0,0.0,0.0,0.0,8784.211179003272,0.0,0.0,0.0,0.0,0.0,53709.10559679476,0.0,0.0,0.0,0.0,0.0,9836.551681910914,0.0,0.0,0.0,0.0,0.0,0.0,23021.73746963215,0.0,0.0,70372.80187876531,60482.91058599171,57282.75829558793,0.0,0.0,0.0,0.0,0.0,0.0,0.0,0.0]
116,0,25-ago,[3276.8001560039997,0.0,0.0,0.0,0.0,0.0,0.0,0.0,0.0,0.0,0.0,0.0,29295.395722465568,0.0,0.0,0.0,0.0,0.0,0.0,48346.63868401796,0.0,0.0,0.0,0.0,0.0,0.0,0.0,0.0,0.0,0.0,0.0,0.0,0.0,0.0,0.0,0.0,0.0]
117,0,26-ago,[31225.4117999519,0.0,0.0,0.0,13587.045337455096,0.0,0.0,0.0,0.0,70867.80302631225,0.0,0.0,0.0,52413.252183260345,0.0,0.0,31416.9952807213,0.0,1757.402219739931,0.0,0.0,0.0,0.0,71180.96616442344,39847.476702175634,0.0,0.0,0.0,0.0,46030.09399026858,0.0,0.0,0.0,0.0,0.0,0.0,0.0]
118,0,27-ago,[0.0,0.0,0.0,0.0,0.0,0.0,45717.555278996544,0.0,0.0,22983.59371974645,0.0,0.0,0.0,56725.5331702806,0.0,0.0,0.0,0.0,5588.941810586695,0.0,0.0,0.0,17365.66660181364,0.0,66263.20064884034,0.0,0.0,0.0,0.0,0.0,0.0,0.0,0.0,0.0,0.0,0.0,0.0]
119,0,28-ago,[0.0,0.0,0.0,0.0,51680.017744790006,0.0,0.0,0.0,0.0,0.0,0.0,13598.749459097377,69330.37107524056,0.0,0.0,0.0,0.0,0.0,0.0,0.0,0.0,0.0,0.0,0.0,0.0,0.0,0.0,0.0,0.0,0.0,0.0,0.0,53164.27180022274,603.0502303506457,0.0,0.0,0.0]
120,0,29-ago,[0.0,0.0,0.0,0.0,0.0,0.0,0.0,0.0,0.0,0.0,0.0,0.0,143267.80180352143,0.0,0.0,0.0,0.0,0.0,0.0,0.0,0.0,0.0,0.0,17392.067924827676,0.0,89571.13073239257,0.0,0.0,85931.77760773938,8210.559662580277,0.0,0.0,0.0,0.0,0.0,0.0,0.0]
121,0,30-ago,[0.0,0.0,0.0,0.0,0.0,0.0,0.0,0.0,67633.37668782349,0.0,0.0,0.0,0.0,55718.26464949864,0.0,0.0,0.0,0.0,0.0,8909.569391169838,34504.381533022206,0.0,0.0,0.0,0.0,1110.3048092478343,2955.6895897220475,0.0,7224.774291928747,0.0,0.0,0.0,0.0,0.0,42847.006382249165,0.0,0.0]
122,0,31-ago,[70280.64953245551,0.0,0.0,68753.51599144346,0.0,0.0,0.0,5887.26094553101,0.0,0.0,0.0,0.0,0.0,0.0,0.0,62221.37562724698,0.0,0.0,0.0,59564.584306327364,0.0,0.0,0.0,0.0,80362.2716052485,0.0,0.0,0.0,0.0,0.0,0.0,0.0,0.0,0.0,73127.02041744482,0.0,0.0]
123,0,1-set,[0.0,0.0,0.0,0.0,0.0,0.0,63063.606486069606,0.0,0.0,21903.44677774807,23225.10426652467,0.0,0.0,205.89093525385124,0.0,0.0,7636.975279639783,0.0,0.0,0.0,0.0,0.0,0.0,0.0,0.0,0.0,52096.56374327917,0.0,2827.9203631280516,0.0,0.0,3574.6797104084594,36016.452398258574,50229.19897847695,0.0,0.0,0.0]
0,0,1-mai,[0.0,0.0,0.0,0.0,0.0,0.0,0.0,0.0,0.0,0.0,0.0,0.0,0.0,0.0,0.0,0.0,0.0,0.0,0.0,0.0,0.0,0.0,0.0,0.0,0.0,0.0,0.0,0.0,0.0,0.0,0.0,0.0,0.0,0.0,0.0,0.0,0.0]
1,0,2-mai,[0.0,0.0,0.0,0.0,0.0,0.0,0.0,0.0,0.0,0.0,0.0,0.0,0.0,0.0,0.0,0.0,0.0,0.0,0.0,0.0,0.0,0.0,0.0,0.0,0.0,0.0,0.0,0.0,0.0,0.0,0.0,0.0,0.0,0.0,0.0,0.0,0.0]
2,0,3-mai,[0.0,0.0,0.0,0.0,0.0,0.0,0.0,59512.30404838813,0.0,0.0,0.0,0.0,0.0,0.0,0.0,0.0,0.0,77473.18721820842,0.0,0.0,0.0,0.0,0.0,0.0,0.0,0.0,0.0,0.0,515.5034990419374,0.0,0.0,0.0,0.0,0.0,0.0,0.0,0.0]
3,0,4-mai,[0.0,0.0,0.0,0.0,0.0,0.0,0.0,0.0,0.0,0.0,0.0,0.0,0.0,38035.225959708114,0.0,0.0,0.0,0.0,0.0,0.0,0.0,0.0,0.0,0.0,0.0,0.0,0.0,0.0,0.0,0.0,0.0,0.0,0.0,0.0,600.4424378440818,0.0,0.0]
4,0,5-mai,[0.0,0.0,0.0,501.54155165501504,0.0,0.0,0.0,0.0,0.0,0.0,0.0,0.0,0.0,0.0,0.0,0.0,0.0,0.0,73030.35337889523,0.0,0.0,0.0,0.0,0.0,0.0,0.0,0.0,0.0,0.0,0.0,0.0,0.0,0.0,0.0,0.0,0.0,0.0]
5,0,6-mai,[0.0,0.0,0.0,0.0,0.0,0.0,0.0,0.0,0.0,0.0,0.0,0.0,0.0,0.0,0.0,0.0,0.0,0.0,0.0,0.0,0.0,0.0,0.0,0.0,0.0,0.0,0.0,0.0,0.0,0.0,0.0,0.0,0.0,0.0,0.0,0.0,0.0]
6,0,7-mai,[0.0,0.0,0.0,0.0,0.0,0.0,0.0,0.0,0.0,0.0,0.0,0.0,0.0,0.0,0.0,0.0,55387.84115664565,0.0,0.0,19922.480782736588,0.0,0.0,0.0,0.0,0.0,0.0,0.0,0.0,11348.508458214377,0.0,0.0,0.0,0.0,0.0,0.0,0.0,0.0]
7,0,8-mai,[0.0,0.0,0.0,0.0,0.0,0.0,0.0,0.0,0.0,0.0,0.0,0.0,0.0,0.0,0.0,0.0,0.0,0.0,0.0,0.0,0.0,0.0,0.0,0.0,0.0,0.0,0.0,74641.24084240608,0.0,0.0,0.0,1428.1604209414224,0.0,0.0,0.0,0.0,0.0]
8,0,9-mai,[0.0,0.0,0.0,0.0,0.0,0.0,0.0,0.0,0.0,0.0,0.0,0.0,0.0,0.0,0.0,0.0,0.0,0.0,0.0,0.0,0.0,0.0,11238.19975141396,0.0,0.0,0.0,0.0,0.0,0.0,0.0,0.0,0.0,0.0,0.0,0.0,0.0,0.0]
9,0,10-mai,[0.0,0.0,0.0,0.0,0.0,0.0,0.0,0.0,0.0,0.0,0.0,0.0,0.0,0.0,0.0,0.0,0.0,0.0,0.0,0.0,0.0,0.0,0.0,0.0,0.0,0.0,0.0,0.0,0.0,0.0,0.0,0.0,0.0,0.0,0.0,0.0,0.0]
10,0,11-mai,[0.0,0.0,0.0,0.0,0.0,0.0,0.0,0.0,0.0,0.0,0.0,0.0,0.0,0.0,0.0,0.0,0.0,0.0,0.0,0.0,0.0,0.0,0.0,0.0,16251.812622258461,0.0,0.0,0.0,0.0,0.0,0.0,16543.104556038703,0.0,0.0,0.0,0.0,0.0]
11,0,12-mai,[0.0,0.0,0.0,0.0,0.0,14674.250006706912,0.0,0.0,0.0,0.0,0.0,0.0,73385.8446701071,0.0,200.09541795653064,0.0,76083.72877803347,0.0,0.0,0.0,0.0,53671.47172626191,0.0,0.0,0.0,0.0,0.0,0.0,0.0,0.0,0.0,0.0,0.0,0.0,0.0,0.0,0.0]
12,0,13-mai,[0.0,0.0,0.0,0.0,0.0,0.0,188.09601344366297,0.0,0.0,0.0,0.0,0.0,0.0,0.0,0.0,0.0,0.0,0.0,0.0,0.0,0.0,0.0,0.0,0.0,15342.090134441565,0.0,0.0,0.0,0.0,0.0,0.0,0.0,0.0,0.0,0.0,0.0,0.0]
13,0,14-mai,[0.0,0.0,0.0,34171.45641298924,0.0,0.0,0.0,0.0,54682.714683382466,0.0,0.0,0.0,0.0,0.0,0.0,0.0,0.0,0.0,0.0,0.0,0.0,0.0,0.0,0.0,0.0,0.0,0.0,0.0,0.0,0.0,0.0,0.0,0.0,0.0,0.0,0.0,0.0]
14,0,15-mai,[0.0,0.0,0.0,0.0,0.0,0.0,0.0,0.0,0.0,0.0,0.0,0.0,0.0,0.0,0.0,0.0,0.0,0.0,0.0,0.0,0.0,0.0,0.0,0.0,11554.428632193209,0.0,0.0,0.0,0.0,0.0,0.0,0.0,0.0,0.0,0.0,0.0,0.0]
15,0,16-mai,[0.0,0.0,0.0,0.0,0.0,0.0,0.0,0.0,0.0,0.0,0.0,0.0,0.0,0.0,0.0,473.0110952059666,0.0,0.0,0.0,0.0,0.0,0.0,0.0,0.0,0.0,0.0,0.0,0.0,0.0,0.0,0.0,0.0,0.0,0.0,0.0,0.0,0.0]
16,0,17-mai,[0.0,6287.293483541702,0.0,0.0,0.0,63555.454023281,8589.241275858829,0.0,32864.25532938359,0.0,84147.39017196633,43683.90500045233,0.0,0.0,0.0,0.0,0.0,0.0,0.0,0.0,0.0,0.0,0.0,0.0,0.0,79649.08472355205,0.0,0.0,3206.0539916669686,0.0,0.0,48080.51778699737,0.0,0.0,0.0,0.0,23798.35938601553]
17,0,18-mai,[0.0,37878.60299813318,0.0,0.0,0.0,0.0,0.0,0.0,0.0,0.0,0.0,37158.541718028726,3052.406952385318,0.0,12201.974971944797,0.0,0.0,0.0,16123.61942299566,0.0,0.0,0.0,0.0,0.0,5675.0576495974865,0.0,0.0,0.0,0.0,0.0,0.0,0.0,0.0,0.0,0.0,0.0,0.0]
18,0,19-mai,[0.0,0.0,226.471759150715,0.0,0.0,0.0,0.0,0.0,0.0,0.0,0.0,0.0,0.0,0.0,0.0,0.0,0.0,0.0,0.0,0.0,0.0,0.0,0.0,0.0,0.0,12742.237919133688,0.0,0.0,0.0,0.0,0.0,25573.606597751892,0.0,0.0,0.0,0.0,0.0]
19,0,20-mai,[0.0,0.0,0.0,0.0,0.0,0.0,0.0,30359.034679619654,2886.013159322095,23034.346580604226,0.0,0.0,26033.04555760969,0.0,0.0,0.0,0.0,103816.13298002223,0.0,3332.3316233268456,451.40603247002355,0.0,0.0,0.0,21518.29205347945,0.0,0.0,0.0,0.0,0.0,0.0,50432.64124051749,0.0,0.0,0.0,0.0,0.0]
20,0,21-mai,[0.0,0.0,0.0,0.0,0.0,0.0,0.0,0.0,0.0,0.0,0.0,68666.24004157727,0.0,0.0,0.0,0.0,0.0,0.0,0.0,0.0,5110.079127381287,0.0,0.0,38361.458291885276,0.0,11986.035916660705,0.0,0.0,0.0,0.0,0.0,36102.75929930531,0.0,0.0,4833.554201483551,0.0,17103.705735114916]
21,0,22-mai,[0.0,28241.659538655516,0.0,0.0,30378.3150541113,0.0,7102.1464188771215,0.0,0.0,0.0,0.0,7014.549819624514,1622.5456432400001,0.0,0.0,0.0,0.0,0.0,0.0,0.0,0.0,0.0,0.0,33811.60742899504,0.0,0.0,0.0,0.0,0.0,0.0,0.0,0.0,0.0,0.0,0.0,0.0,0.0]
22,0,23-mai,[0.0,157.635420463892,0.0,0.0,0.0,0.0,0.0,0.0,0.0,0.0,0.0,0.0,0.0,0.0,0.0,0.0,0.0,0.0,45592.65484102436,0.0,0.0,0.0,0.0,0.0,31749.95285222457,7768.57858044949,0.0,0.0,0.0,0.0,0.0,0.0,5849.387693029254,0.0,0.0,0.0,0.0]
23,0,24-mai,[0.0,15297.175406760442,0.0,0.0,0.0,0.0,0.0,0.0,0.0,0.0,11414.491162933924,0.0,0.0,0.0,0.0,5083.390307247844,0.0,0.0,0.0,0.0,0.0,0.0,0.0,0.0,0.0,0.0,0.0,0.0,0.0,0.0,0.0,0.0,0.0,0.0,0.0,0.0,0.0]
24,0,25-mai,[0.0,0.0,28390.23986311088,0.0,0.0,2217.267582312638,0.0,0.0,0.0,0.0,0.0,0.0,0.0,0.0,0.0,0.0,9713.225658612302,0.0,0.0,0.0,0.0,0.0,0.0,20593.445428674248,0.0,0.0,0.0,0.0,0.0,0.0,0.0,0.0,0.0,0.0,0.0,0.0,0.0]
25,0,26-mai,[0.0,0.0,0.0,0.0,0.0,0.0,0.0,0.0,0.0,0.0,0.0,0.0,0.0,0.0,0.0,0.0,0.0,0.0,0.0,0.0,0.0,0.0,0.0,44777.3361538179,0.0,0.0,16105.565381283268,104835.28550194393,0.0,0.0,0.0,0.0,0.0,0.0,0.0,0.0,0.0]
26,0,27-mai,[0.0,0.0,9416.304760260322,0.0,0.0,0.0,0.0,0.0,0.0,0.0,0.0,32321.392157849143,0.0,0.0,0.0,0.0,0.0,0.0,0.0,0.0,19310.581152135608,0.0,0.0,223.16246539499497,16441.73481953632,0.0,0.0,0.0,0.0,0.0,0.0,0.0,101499.03779640539,72.16764602609729,0.0,0.0,64402.72094415067]
27,0,28-mai,[0.0,5757.499465441651,0.0,0.0,0.0,1906.327970874299,0.0,0.0,0.0,0.0,0.0,70800.61715269714,0.0,0.0,0.0,0.0,0.0,0.0,25532.709559604853,0.0,13124.416816916872,0.0,0.0,0.0,0.0,0.0,0.0,0.0,0.0,0.0,0.0,0.0,0.0,0.0,0.0,0.0,29436.640561532113]
28,0,29-mai,[0.0,1667.0865099099876,8726.506940751697,0.0,0.0,0.0,0.0,0.0,0.0,71289.46793373674,0.0,0.0,0.0,0.0,0.0,0.0,0.0,0.0,0.0,0.0,0.0,0.0,0.0,37278.3375713827,0.0,17652.18146991274,0.0,0.0,0.0,0.0,0.0,0.0,0.0,0.0,0.0,0.0,28256.741153967698]
29,0,30-mai,[19007.667450955953,0.0,0.0,0.0,0.0,0.0,0.0,0.0,0.0,0.0,3331.8824042219867,0.0,0.0,0.0,16027.033642134858,0.0,0.0,0.0,0.0,0.0,20982.342214194534,32117.674342962357,0.0,11237.346459826787,0.0,0.0,0.0,0.0,0.0,0.0,0.0,0.0,0.0,0.0,0.0,0.0,0.0]
30,0,31-mai,[0.0,49647.95041560665,61566.64517623121,0.0,0.0,0.0,0.0,0.0,0.0,0.0,0.0,0.0,0.0,0.0,0.0,26039.14147746252,0.0,0.0,0.0,0.0,18870.33013461852,0.0,0.0,0.0,0.0,0.0,0.0,0.0,0.0,0.0,0.0,102650.30762166198,0.0,0.0,0.0,0.0,0.0]
31,0,1-jun,[47813.38424069171,41207.73690251524,49339.922811903074,0.0,0.0,30318.91564615931,0.0,87115.4242975771,130246.92289440475,0.0,12214.036541412217,0.0,0.0,19543.338365749827,31724.150499047166,0.0,0.0,0.0,19344.26133377848,0.0,0.0,797.4182659066665,0.0,0.0,11792.16595970852,0.0,36487.59340979787,0.0,0.0,0.0,0.0,110945.38830745345,0.0,30365.894344515244,0.0,26148.297790479974,31609.09105614662]
32,0,2-jun,[8263.83433534676,0.0,54714.9466585273,7426.152519275878,39371.097221205215,410.927650562138,0.0,0.0,51818.2736286383,0.0,20407.937137124907,0.0,0.0,13374.047463977164,0.0,0.0,0.0,0.0,9130.344734016504,0.0,57657.84620955098,50946.24144804728,0.0,0.0,0.0,0.0,0.0,0.0,41576.06248072628,0.0,0.0,38543.070697373645,0.0,0.0,112470.83152251117,21776.211715176436,17416.996935043964]
33,0,3-jun,[0.0,0.0,11569.533456993788,21482.585796781397,0.0,5801.004660765016,0.0,16423.298565706224,0.0,0.0,0.0,12588.242289102605,48012.31101912688,0.0,0.0,168680.30888225732,0.0,0.0,0.0,0.0,33291.36474039966,0.0,56590.43289557429,0.0,0.0,0.0,48339.94938034495,23193.091528082157,0.0,0.0,0.0,0.0,52000.09346789154,32947.976100109554,0.0,0.0,0.0]
34,0,4-jun,[52801.21229207302,19008.76824094107,16380.917063993384,0.0,43218.10290510615,0.0,0.0,0.0,165206.23014221957,9737.67698686141,0.0,0.0,0.0,0.0,0.0,0.0,0.0,0.0,0.0,55977.009941438926,744.6332431375358,0.0,49111.264539261036,2313.400074094202,0.0,98.15703373787386,0.0,0.0,0.0,3811.6429617673557,0.0,3296.690696959658,7239.0774341960305,0.0,0.0,0.0,101675.3576533123]
35,0,5-jun,[9358.60112474976,0.0,27392.36156762406,0.0,0.0,0.0,0.0,0.0,0.0,16704.211785754294,53583.54465162152,42335.783961754794,20179.91890754246,10568.037399819166,35676.90601670983,0.0,0.0,0.0,1016.805857752934,25933.984415146748,76479.37922345387,45860.24703281777,0.0,0.0,0.0,30752.645989131983,56426.7082363833,0.0,0.0,13088.998828780832,0.0,23635.16266274384,81283.44674661437,0.0,0.0,0.0,0.0]
36,0,6-jun,[0.0,17369.778576746936,49772.721700031536,34593.447029668845,3421.0780312977176,0.0,0.0,44411.67134573549,0.0,0.0,0.0,0.0,60348.52885097302,33381.49654340398,0.0,0.0,0.0,0.0,0.0,0.0,105316.62391342103,0.0,0.0,0.0,48098.053557575025,106208.95425276594,33888.79001877487,0.0,0.0,12560.194528671065,0.0,53949.430922045176,0.0,0.0,0.0,0.0,0.0]
37,0,7-jun,[0.0,6108.979862533513,0.0,614.4825199487452,0.0,0.0,26558.844025417835,11137.381457613386,0.0,0.0,0.0,0.0,0.0,30266.334071902467,0.0,28286.508341781097,7394.344064319034,0.0,47427.07292825714,11624.242148168649,11162.158089877927,78779.7194039481,0.0,0.0,0.0,42659.65887142269,11990.007227041442,39281.22947262091,0.0,0.0,0.0,49885.330673739154,0.0,0.0,0.0,0.0,36365.29254000665]
38,0,8-jun,[45148.0334832361,0.0,30520.29937114912,12983.966508645039,0.0,23285.389314634245,52315.23629893167,139612.86722252233,0.0,0.0,14097.75622109343,49644.83881222486,0.0,21354.98366667031,0.0,0.0,0.0,37551.55182295939,0.0,60022.681197761354,0.0,0.0,8473.905424326313,24500.71039242136,0.0,0.0,0.0,0.0,42486.4531043768,0.0,0.0,0.0,126996.69519402068,953.4574536606735,24665.139826282077,0.0,36089.10959954494]
39,0,9-jun,[0.0,27872.664546360356,35109.87972468306,0.0,15459.615421092645,37258.38987951097,0.0,0.0,0.0,0.0,2412.8532392563498,0.0,18106.751623328055,17874.5606311476,16365.49060880878,54517.19236814926,0.0,0.0,0.0,0.0,28823.463894284694,0.0,69019.82663066911,0.0,0.0,0.0,0.0,0.0,0.0,21064.044223954166,0.0,0.0,0.0,0.0,0.0,0.0,105034.03404597628]
40,0,10-jun,[0.0,21815.834380535453,42129.55549544666,0.0,0.0,132381.5526660399,94537.6321032214,27326.744291199393,8339.920795855416,0.0,13244.158600932444,122959.53941873283,0.0,0.0,0.0,6789.853620059424,0.0,97430.88424035642,0.0,0.0,48482.844111861,232.90554775799714,6207.193855084117,0.0,20974.670879933532,43070.27125923249,0.0,0.0,0.0,53863.63918385603,0.0,0.0,0.0,41400.589857524545,0.0,77492.2740285202,4570.4905573537835]
41,0,11-jun,[1308.7879671165128,123444.91472983481,0.0,0.0,0.0,49137.11329820341,0.0,0.0,0.0,0.0,1068.6178980776297,31942.96947840919,0.0,33226.09729846874,0.0,0.0,0.0,0.0,0.0,0.0,60300.87669997347,0.0,0.0,23757.06239013795,34663.25741728505,0.0,0.0,36687.28694415588,0.0,0.0,0.0,0.0,0.0,0.0,0.0,0.0,0.0]
42,0,12-jun,[0.0,125599.78447930793,17662.246986254697,38031.67413757199,21983.03985785714,0.0,0.0,0.0,0.0,60138.755805523586,0.0,0.0,42814.38201740193,0.0,43256.13167024923,18556.70653967975,0.0,0.0,4211.0199423814865,8279.909464029844,34657.999755324956,0.0,0.0,0.0,0.0,21766.447247549713,28888.890921122576,44721.20253044739,290.19734599467273,0.0,665.6431002483869,19692.682572931815,22866.577305620438,0.0,59174.9834779663,0.0,0.0]
43,0,13-jun,[0.0,15167.171614658331,0.0,0.0,32889.5215050404,0.0,0.0,0.0,73966.45221835718,58392.23420837381,619.9157698800772,8221.142443956383,0.0,0.0,0.0,0.0,0.0,32710.165935663434,0.0,0.0,32263.29428925879,0.0,11321.450937009016,0.0,48088.53647591839,102544.66420526989,5870.875379248861,0.0,0.0,0.0,0.0,30917.20110887618,29927.584897723624,0.0,0.0,13657.516222838576,20248.974649838354]
44,0,14-jun,[0.0,0.0,32933.305646461136,0.0,32611.715618441172,87106.65549876059,25517.90936149627,0.0,0.0,49296.44238226959,0.0,34776.07319747047,144645.32945396675,23751.753316101298,0.0,10781.62159328593,0.0,0.0,0.0,0.0,25874.972887354892,0.0,0.0,68.75695885931466,0.0,526.9900035448195,17875.3685985904,0.0,65538.53041721968,10615.576700935984,31034.204649409665,0.0,0.0,0.0,0.0,86623.2759380392,110357.15295234905]
45,0,15-jun,[0.0,24871.372716290636,35198.92273543867,21074.301537692234,0.0,136330.36025456415,42188.86145350484,36350.38905316847,54025.78449838423,48917.05624651579,38461.49229768326,47000.00536771712,129254.90149274016,0.0,0.0,0.0,65995.62350408144,35000.46778586419,0.0,0.0,101874.55900845393,0.0,0.0,27353.67953987645,48716.21044730404,37408.12416320903,0.0,0.0,0.0,31678.65339299975,1177.4573041957672,0.0,0.0,7138.777155008929,0.0,0.0,0.0]
46,0,16-jun,[0.0,22221.639540595235,0.0,52905.67858885456,38346.33900869642,32791.9466112697,11374.224635228937,70719.6120643881,0.0,0.0,56939.25008324877,59661.99305548349,0.0,34126.228790297544,45917.61618782295,89628.75612411032,61959.31804526066,0.0,32849.972083986664,124680.80339608705,0.0,0.0,7168.079419407501,0.0,50974.68569502874,109246.20145591677,25111.05944820864,60429.581780652996,0.0,58924.98400536678,2580.6327819309117,11034.309897389428,39289.8427759018,0.0,0.0,0.0,0.0]
47,0,17-jun,[97155.80068768605,56423.27420433829,16927.958761954855,38898.09034824605,0.0,0.0,44120.7627421359,0.0,13962.224280351997,0.0,57698.12943147088,11419.934277875367,73923.40546475316,36382.66148159063,0.0,0.0,0.0,0.0,0.0,0.0,24231.83570059576,0.0,0.0,14431.525670097333,19565.362284466006,0.0,35676.59640888097,0.0,0.0,0.0,0.0,29096.84920636445,18001.63767661786,0.0,31954.799680948872,0.0,65437.53032877411]
48,0,18-jun,[0.0,0.0,36475.56398591038,0.0,39072.37408877649,45317.73468785244,51277.889899844224,0.0,0.0,32057.448340236715,40052.331773246784,48430.414014269554,0.0,0.0,38258.11927744916,36333.14726220787,0.0,0.0,61002.3886445219,104520.06690208064,36266.88571595342,0.0,0.0,0.0,52408.07695138232,46907.207659619664,34154.97751775294,0.0,0.0,0.0,0.0,13482.001765630273,58676.21203495757,59646.92984253429,0.0,72402.4205479485,53495.999971181765]
49,0,19-jun,[0.0,113254.10224999484,11752.799273243856,32025.770561408666,31757.5419732269,30448.587596325324,0.0,0.0,38969.7511428766,40879.66112646028,0.0,18343.674272117696,71481.4161419346,50798.25988561449,58855.3734941425,0.0,15372.109893352364,0.0,0.0,0.0,24806.524371017014,14246.077542685442,26034.95625111805,12041.831982778389,37976.01583302736,23628.51488103294,0.0,152.63183902998418,0.0,83699.00403213264,0.0,95753.67781047939,0.0,19.86565142910315,0.0,12277.791606601788,23901.05976128771]
50,0,20-jun,[0.0,0.0,48589.577572072085,25576.98785235097,4492.497176438903,90130.3690811006,35387.96741631601,53612.42268036231,0.0,0.0,23389.512181537622,30165.113939607447,127004.98976386942,64709.05017983204,0.0,0.0,0.0,0.0,0.0,0.0,0.0,0.0,43116.17159415675,27917.585472549275,21745.811961674222,31706.049492224964,43120.152602954615,67130.80501745148,711.8953344961915,0.0,0.0,3132.929855039489,0.0,0.0,33209.640253470396,31274.362248394038,47404.55542595688]
51,0,21-jun,[0.0,24444.217351498053,30073.71678027384,397.8155828540035,26575.744485404233,50193.84444858523,0.0,0.0,0.0,89537.0344094542,36093.274561380014,14553.128705369985,80405.95278934405,34595.5893510009,15350.709623836916,42289.0688921426,0.0,0.0,0.0,13653.553312459946,15520.314154813897,0.0,2.4496379040841694,33838.140005706206,35368.53727005393,27925.81486307155,33305.794548764345,0.0,0.0,22198.668868304958,40540.55138364185,58412.59794255486,40962.40583832368,0.0,70708.33861419692,0.0,0.0]
52,0,22-jun,[40968.51699495571,14804.564454217472,18900.505619530915,1758.4101798991417,29734.19459046362,0.0,28560.475017663368,0.0,0.0,16943.6138864253,25345.4616101579,20422.052445700643,0.0,38833.70481720898,0.0,0.0,0.0,0.0,6226.301354275646,0.0,21951.923781947815,0.0,0.0,18044.366055861294,21675.973391294177,41062.04880056583,36617.11960048746,58.16096621365118,0.0,0.0,0.0,22135.094499642244,0.0,62532.63423404377,0.0,17990.45076738925,51172.89976344478]
53,0,23-jun,[0.0,0.0,125120.25299438305,57113.431616667,61606.80348724952,110.74034028807263,0.0,0.0,29179.4034422596,33847.541004075516,0.0,11498.365365152535,49776.45828085822,43994.749097154796,21686.270778170267,586.6490521270639,31646.706732418228,34950.926335179465,0.0,14772.021635351508,34937.47596474186,0.0,32511.460232573183,49438.76674202971,0.0,20465.068021242547,37325.195081160826,136584.13278474045,28369.62584543824,0.0,0.0,32809.89827541334,0.0,0.0,17754.245433657037,33525.82648872005,59238.59597157577]
54,0,24-jun,[60923.899403229145,28920.638340636837,19473.971061516466,34024.659293226665,35988.904750582806,0.0,59960.828131243325,0.0,62684.65193961198,40214.37217874541,22316.231375257707,47258.725112049775,0.0,30268.55997781155,27947.909436853115,6396.293320906128,0.0,22988.70077434976,0.0,0.0,28785.762352532583,4448.060148026445,50450.85072131151,28007.98529373346,0.0,49785.90521812341,8158.429096861957,49996.60113718789,0.0,0.0,0.0,0.0,0.0,78443.45400321147,22332.100733843854,57783.89386283744,0.0]
55,0,25-jun,[0.0,26880.072298844112,39952.509087280225,28232.416350759573,36175.540796398374,0.0,17800.825610981625,51056.959233459755,0.0,15656.25039176541,0.0,78525.83658352772,0.0,35773.458283650754,47082.32523268313,0.0,0.0,0.0,0.0,0.0,14727.7149894057,0.0,60928.480546927436,25433.699904695975,20387.353257424187,39021.356771756095,37805.54766151725,10521.443961516456,0.0,49171.213493665186,17216.259380322874,17599.035301646258,0.0,14335.6402070085,0.0,0.0,0.0]
56,0,26-jun,[0.0,0.0,11328.387285426965,32711.718538338166,0.0,0.0,86.77108951978477,0.0,0.0,82155.13132600606,55556.761162676245,0.0,0.0,20342.758095379773,1977.479044862698,130489.50141029966,49041.41214736016,41364.893462129556,0.0,0.0,28831.015562600387,78058.66151917214,66692.84133461885,46085.03157863888,10594.842219230075,27295.383916284045,38703.06877578435,0.0,0.0,0.0,0.0,42568.08342253038,41214.98534309048,0.0,4924.085695337416,147341.8534764006,21865.79685888776]
57,0,27-jun,[0.0,35921.548427860114,15287.74237282798,0.0,38401.62082177134,9581.114995665293,47680.97603042457,0.0,0.0,49838.942450059905,0.0,27054.964674798255,0.0,0.0,0.0,5076.121935480957,0.0,8871.970006189937,53968.09814741332,130596.86841671963,42469.64253007182,0.0,33138.928345065484,25548.90118782719,97064.88625471406,5290.03377959058,36141.936012502614,108549.32199593364,0.0,0.0,0.0,11835.333281224019,60596.209670127886,0.0,0.0,0.0,0.0]
58,0,28-jun,[0.0,0.0,117602.36944205988,0.0,11449.286096918404,0.0,52925.01058982436,0.0,0.0,25957.884600174784,0.0,37065.00904468109,0.0,0.0,5691.3332304573105,0.0,15174.370056060321,0.0,0.0,0.0,47472.59957758805,79534.24910869711,34262.9469496053,44938.06914732314,48127.117327071406,0.0,20008.86123496476,43891.72682151557,896.71257124484,0.0,0.0,25619.32562259875,60466.29132721111,0.0,0.0,0.0,30543.88157442189]
59,0,29-jun,[39050.86570538476,0.0,29956.925366684238,60137.65580366794,39907.40463765999,0.0,0.0,10255.164373247342,154767.15925404543,0.0,25696.494352865026,113884.4855753304,0.0,30306.479725599565,0.0,5182.834310083956,0.0,0.0,0.0,75676.5875986492,106243.94195181617,14322.431914440276,56916.78385418449,52070.56267817103,62116.29850717515,17597.30741569971,0.0,0.0,0.0,0.0,18827.90413705913,41841.03391801373,0.0,0.0,40499.959607399855,0.0,27047.502220612172]
60,0,30-jun,[0.0,18013.057439110064,0.0,0.0,58783.570205626515,6921.037579022484,10560.031774104604,26569.16794659234,0.0,30952.048286433597,0.0,3635.1684151394215,0.0,0.0,0.0,36885.53508391333,49880.57438294373,52153.00818650968,128073.50009111364,28534.33558751958,53367.94432044474,38058.88467740138,0.0,0.0,26886.667149543304,42752.503462364315,30434.605277048584,13192.653524255595,6288.517844195275,372.29460447513804,0.0,0.0,55862.01687791286,101902.51978568124,42821.670990141,17249.057806772587,28006.62504768005]
61,0,1-jul,[0.0,16115.113846747878,58675.2991185482,0.0,61829.99709978626,48362.5591092652,76783.24290482438,0.0,0.0,76425.27920733433,34104.736814197,0.0,0.0,70529.22925255322,42039.02150460278,0.0,2781.6691190285173,0.0,0.0,34747.23615516918,0.0,41039.171287387035,70258.3856910039,0.0,21184.593194704295,0.0,17098.102271898195,14829.804339528904,1048.0350301557708,0.0,0.0,21138.91618062787,26405.317717440652,0.0,0.0,12672.664055451047,83079.31896478136]
62,0,2-jul,[5401.428225225945,41617.99196245954,26034.531944295028,0.0,59942.948259453864,338.2570067762096,84423.72506704679,19144.80775780831,0.0,0.0,0.0,33288.0969423065,0.0,27346.489554783675,43911.98711847995,27409.134842764215,31848.71251464283,0.0,13445.514601209681,94767.38173781775,93984.97821807493,0.0,38141.284936234595,0.0,30656.61697993234,12865.347473941243,58906.18382044038,8393.630037942945,26289.737660073843,0.0,10476.668430308397,0.0,0.0,59572.046701078776,42376.92538460498,0.0,44121.453592648875]
63,0,3-jul,[17554.74398235472,0.0,1858.5945260932626,0.0,62285.02399983354,1136.0591526694066,70006.02564192409,3788.512461483104,25419.475325804655,0.0,36696.803845072085,0.0,65633.78661535995,48194.83605985256,56057.20769315396,88288.80866294341,79024.35421328226,0.0,0.0,9468.28664296321,0.0,23339.21692409781,0.0,0.0,6954.328121148409,32217.300510867735,0.0,0.0,26816.33514435621,0.0,0.0,5827.655043921311,77025.49216925,39852.03488838137,95.59923157479685,108193.6824533376,13003.040980498688]
64,0,4-jul,[0.0,26787.670033072376,101752.27530645991,10961.40497510968,0.0,0.0,0.0,91676.55337015026,21732.96493039663,34685.257375433976,15696.774218332703,120390.26851491368,113.64578852940893,2766.986424168642,0.0,0.0,8443.451226096575,0.0,7396.411889249829,29793.503877013965,49023.582675331294,54490.27321854193,76738.37686850656,17196.17472514762,39739.06877386616,12702.595135903379,55827.11039344875,56694.3393230706,55115.08337560369,35732.99366410346,34181.96627366558,29543.75707841326,68204.48718729627,0.0,94343.31421539368,0.0,32937.10188757677]
65,0,5-jul,[66947.47811312773,0.0,10176.527114139122,9820.45588643183,33806.28240049161,0.0,0.0,0.0,44861.49225563048,0.0,26173.197387772743,0.0,33827.01268020037,61825.004653843265,0.0,51519.882344853795,0.0,23056.32470460975,0.0,50540.50562088242,0.0,0.0,10628.0280394963,27907.33370656404,35400.727148597216,46945.32386809241,12867.445434031219,17542.758503138903,0.0,0.0,39152.28968709385,0.0,32715.19993054912,65728.79104306134,0.0,71798.06224100002,31118.552528011845]
66,0,6-jul,[0.0,22117.772149229182,5391.591752824262,58314.927080349364,0.0,0.0,36061.64147977993,36810.45403043564,29774.145960568356,6783.831092352379,30940.572065583474,0.0,0.0,8952.589963808497,928.7229504187867,0.0,53770.00002640006,0.0,72970.92067280544,0.0,16788.900597796895,0.0,3664.3276014158223,0.0,103260.49052834196,79427.7730969433,0.0,49569.235179590876,0.0,0.0,60881.067112011384,99261.7616098097,9339.49944280026,18451.926246811778,17561.736969756832,0.0,0.0]
67,0,7-jul,[233.71635557747106,29516.027550318482,31644.692109307987,39068.7189325463,0.0,0.0,60347.270820581885,31511.830711004335,7759.585153642569,52590.287640697636,0.0,14809.958017039486,106846.55670544747,40084.17855776527,3475.994049290703,85106.39921666337,34496.30438624224,0.0,0.0,0.0,48886.311639786276,183750.22594448438,0.0,0.0,22043.69606617544,0.0,64597.3472445301,70590.59994291705,56471.63672447256,0.0,0.0,31147.7936110886,62935.70802086628,29004.680121375146,40398.390775857,33020.37724686186,39357.955867331075]
68,0,8-jul,[0.0,6470.320480054334,0.0,10404.273480727354,38253.464058051446,7407.118774336424,2060.4529636384295,18727.396682615334,0.0,64520.99447144058,37435.38066484772,20621.43839170601,0.0,3537.2016640691054,45650.67218238027,7976.92545755292,27530.360357578422,84752.48417984453,29931.64293824169,0.0,0.0,3746.1502566191875,0.0,39145.80353073518,38966.33863978486,36588.528275967314,0.0,0.0,0.0,61864.055369625996,0.0,29871.021553023496,0.0,0.0,0.0,63635.27444457249,0.0]
69,0,9-jul,[0.0,0.0,0.0,0.0,51692.57331730292,56106.61872433973,0.0,645.4736568949187,39433.52088692147,42184.407551857796,0.0,66722.39894517379,0.0,0.0,25361.21448777048,0.0,0.0,49535.4678090328,0.0,58155.59854828701,28814.988934857272,13034.953098674805,1534.6999563052746,0.0,25360.810675615754,48485.952662921816,8680.366255410161,0.0,39327.073517453464,53376.16655762392,11188.425925394982,23252.657336370685,55688.05877152867,47440.25690264115,0.0,0.0,0.0]
70,0,10-jul,[0.0,91091.74665353619,33117.160656830456,64988.50412521371,0.0,60048.7000346286,0.0,37740.04673984602,65272.81084755757,33696.368855279565,110719.03406848901,48823.52712428846,0.0,70234.94379408742,76926.6051652177,2747.450895479973,78116.80112773541,67546.5991941647,48896.3850338934,50015.0922911844,0.0,0.0,7850.008654360106,76688.54980059066,25502.404593228624,13463.457975660269,12997.763741124207,91548.07515671333,17213.06044093934,0.0,0.0,36447.218138425495,0.0,19603.893716493985,0.0,0.0,8079.020133919448]
71,0,11-jul,[8339.347877876266,2513.572580215817,85037.6311908307,0.0,54661.6695356988,50881.706720715985,0.0,49967.24500066623,0.0,0.0,14400.5917670972,101556.1231338278,64715.11378467318,11372.016048708972,76363.17552794558,58922.22475405176,0.0,49877.5192774733,0.0,0.0,0.0,3015.9629243798663,0.0,0.0,40077.43627556755,78925.21387935909,0.0,0.0,0.0,83435.65777498209,67939.61495202608,57918.2087489375,0.0,29992.623448817387,0.0,0.0,42692.87919763173]
72,0,12-jul,[26471.184527990343,0.0,0.0,0.0,75877.73580829808,69784.05758992276,0.0,0.0,23666.09055937862,34285.11225910902,51087.93607880341,80131.61711362752,56921.94243209861,28989.07551311433,0.0,87251.90160902287,0.0,22411.312967592417,67894.54633615896,53439.34099043822,76486.03044453594,66647.97641280349,0.0,29075.193277871742,0.0,70055.50451727517,30014.65315724264,66195.5125381443,7428.173508263038,43475.367858399324,0.0,29491.608254862967,0.0,0.0,40512.39671865774,0.0,0.0]
73,0,13-jul,[55425.21857269391,87699.39989379799,0.0,38754.553121598954,0.0,37571.50654425043,20516.56376446662,41760.69719531453,0.0,63600.68756014774,968.2038720809248,0.0,65816.85672789047,54772.748594754274,20888.45771802042,123308.59068177448,99732.6778253206,0.0,0.0,27322.323311865217,6671.1518022778755,22086.672527626954,7345.176515235432,38841.815321733564,0.0,25441.980169859104,388.658600869881,16531.86222303368,10898.566460614335,87702.59679375855,0.0,14109.065888539855,3569.4582977556447,33423.36155507691,26207.661013785953,21228.85788755346,11756.950022629748]
74,0,14-jul,[12716.588981336117,40917.01381591097,4571.006097083879,10700.949754317093,5714.092535563375,54281.54563826752,28637.71304644869,59040.05701144451,30913.64847943802,48982.11689309579,34192.896860437555,34912.7615076154,0.0,36071.97532771743,29973.156630235997,0.0,18592.1256446708,52228.244349302775,0.0,49505.62629388855,0.0,34003.90351524355,0.0,27305.899533626853,35115.24318597268,0.0,65893.99329286712,62158.97820345141,0.0,36408.73376695504,9266.293385445113,43124.3588483538,49922.78364637994,66332.5352743438,0.0,0.0,4597.640088633407]
75,0,15-jul,[0.0,30141.753010585497,39050.09418811744,14514.186458589793,6171.1825542487895,11973.237583158665,0.0,45323.71462371117,0.0,53195.05014678254,36972.708071553374,29308.1681030318,7114.18571836527,16037.974486429579,0.0,108932.48381341533,72209.35883363766,43672.703702093684,53785.5544014066,42450.23236886665,0.0,54453.20229075134,0.0,0.0,3031.6883197332945,95157.72912573139,73883.55493091703,57527.6586025385,0.0,0.0,7839.0261084669455,3128.1526211265045,36030.030333129434,0.0,0.0,15949.9191990215,0.0]
76,0,16-jul,[0.0,25951.583539827137,5216.888954168542,16364.980631172839,0.0,0.0,0.0,27223.420546020046,53984.644332707954,0.0,19958.131670710027,0.0,0.0,70633.31785230177,0.0,119978.04873973921,0.0,0.0,0.0,31734.42230672904,0.0,55387.964704430626,61254.208777761734,0.0,0.0,110988.72866262414,68420.32304048099,0.0,69381.19577686394,0.0,0.0,0.0,22361.74341613884,13641.199698626637,83211.85809982542,0.0,44358.754027908486]
77,0,17-jul,[30278.73148002338,28705.576827121437,15422.466273018315,0.0,42235.2680615762,67674.52857470911,0.0,77739.80489281935,41492.19313216039,0.0,5342.169270672282,100341.96746019265,0.0,19160.331299396843,58779.57189020113,0.0,0.0,0.0,53949.60862720057,0.0,0.0,0.0,3465.0983138416696,95052.31552767364,9650.918671973215,29838.49181677049,64478.376275180315,0.0,104462.9387496804,90236.63061376908,125246.10287574364,12721.81134640982,71662.44254752144,68383.19505617322,80324.28501051565,21788.880691028964,36569.172473519706]
78,0,18-jul,[129239.73513211396,57655.448506744666,19596.848171887665,0.0,0.0,0.0,65836.38267529794,47522.68541779787,46120.30309924717,51983.74077202202,0.0,102636.19978351102,32878.253962576935,53003.52175212592,0.0,11819.197832716689,0.0,0.0,0.0,45805.98070650359,0.0,47493.30975634113,0.0,0.0,0.0,21606.5676827691,0.0,0.0,0.0,31530.250384569932,45989.024857718294,0.0,0.0,19093.46028015241,68187.66683781844,0.0,0.0]
79,0,19-jul,[0.0,0.0,88681.98031121053,625.9167355270172,0.0,45675.43910216913,9324.879593942103,0.0,16694.617566435496,0.0,97839.70949431906,0.0,0.0,6690.811539216894,66744.06896745873,33098.06659358108,0.0,66025.9136707971,0.0,4691.48728281627,34632.913634093085,0.0,19876.980386910607,6807.795799694544,0.0,0.0,67867.0135693772,48329.35583438788,1173.679082973275,30415.727963488393,0.0,87509.86698430344,0.0,0.0,9578.341337629952,60694.19436545675,7557.887506508609]
80,0,20-jul,[8391.079303608243,0.0,51554.26743305113,0.0,21876.000169436276,0.0,26537.79956201205,0.0,0.0,0.0,0.0,0.0,61031.62658022979,25304.5236843493,59324.63819439596,0.0,42294.88630655522,40657.562861557264,0.0,21048.11641704074,53853.20397464745,25084.396686967713,24630.78958091058,25121.12728208746,234.88271788370423,0.0,58231.20144936348,66809.57063394689,0.0,50814.64034040095,0.0,52241.28201692729,31497.69641480304,0.0,65257.47324274387,52559.088015494,64007.45419289825]
81,0,21-jul,[0.0,7071.046938215132,58045.51888084063,31582.856300185962,1526.7053921682786,3319.173556434344,35718.74792146854,0.0,58501.378787569476,26725.067379499957,0.0,0.0,0.0,65217.625030610936,0.0,21432.399677275644,0.0,0.0,0.0,0.0,0.0,80192.50546950562,64546.873523577335,45343.64986369221,6876.668634558276,0.0,59912.377022148474,4190.307337999857,0.0,19304.703690912866,7869.16937428309,10424.928901322743,41888.07047589626,23021.983538777495,34707.634260878396,0.0,0.0]
82,0,22-jul,[0.0,87566.72609034459,0.0,40404.1727680911,64614.400648412775,2482.651547089585,0.0,76241.1128087746,0.0,51781.30556861975,0.0,0.0,18120.510701178777,27433.898416794633,24490.08522039719,0.0,67296.43780940823,35439.57571111684,0.0,48064.760461726095,0.0,17136.582488597873,50670.25382645173,0.0,38989.53867344327,0.0,0.0,31442.301904305823,0.0,8256.285197100764,0.0,45611.405983168,105452.14957101372,34718.467093725165,0.0,28201.988556045817,20426.68979409492]
83,0,23-jul,[0.0,0.0,19249.04875413604,0.0,53192.727833396435,0.0,34347.29336478787,41144.23485854543,0.0,0.0,0.0,0.0,18840.47892331179,52379.34032302336,0.0,0.0,42501.35562787244,0.0,61066.49930113923,0.0,23402.24418651031,22327.057495528912,0.0,61776.050388025375,85864.60314542441,0.0,54275.26440584276,118243.06088420963,0.0,6309.819784850164,69846.21847290074,0.0,0.0,38206.94348450892,90.20294152431262,77380.27226430927,56949.28643843952]
84,0,24-jul,[9616.02284360066,0.0,75731.48768729398,27724.911953545765,70456.9555280792,26022.196618868737,0.0,0.0,0.0,66299.7989143371,0.0,0.0,43916.531083502894,0.0,603.1952186146685,54760.69944888552,0.0,0.0,0.0,51919.334364636234,109488.81730322966,120455.7747625768,0.0,11015.017396262147,0.0,65854.66557003703,0.0,52236.325724754985,0.0,374.2930596655181,0.0,0.0,38168.85196154214,0.0,0.0,21967.897421694848,0.0]
85,0,25-jul,[1091.8224571860683,19250.929559454868,20100.3609937317,580.1739694723128,26076.836242885503,0.0,58033.06143631543,89970.09608744603,265.7250585776539,70646.25951705946,0.0,0.0,0.0,67490.8099550808,55885.333776684034,35255.846933617875,0.0,27837.203428458546,0.0,66308.2971332867,1982.5469343941772,0.0,0.0,25605.377583289646,101103.67751408709,13923.562100571928,41385.60658920311,87936.4833767442,0.0,106397.15189050183,64259.808900817916,86030.4870948375,80.0540830232728,0.0,0.0,0.0,22871.394011419376]
86,0,26-jul,[48567.56708556782,34890.229638488025,0.0,62781.03728296507,66881.24674442943,42366.46652892158,0.0,0.0,65903.586894514,48869.66871049556,19798.607327540958,16537.859662413255,44099.875341358915,72145.06111545964,21284.84115170065,73261.97262173877,0.0,0.0,61796.03969829303,10386.127501076086,31746.147062694887,0.0,43375.85639166759,0.0,111497.744351209,37431.69217642621,0.0,31265.23624482917,0.0,0.0,0.0,40479.18998792876,41304.93676966529,0.0,0.0,36323.66788822473,0.0]
87,0,27-jul,[25567.92597958503,85833.11798023197,0.0,10545.310041280463,0.0,0.0,46000.716641804036,21999.7161088704,60592.560799428444,37357.67206553796,15268.528712308631,32973.24206251823,28144.832762147442,0.0,41024.07860652215,68518.72733704466,42073.875949938956,11550.171905396499,65127.32604928126,1855.9164421268829,32692.407802485213,167929.85149270017,0.0,0.0,14721.909297164719,67857.31347430615,0.0,64.35394713960775,0.0,48729.54934635607,25473.66753992536,0.0,68989.55697295688,23564.131579187153,0.0,139977.66501302598,19970.722374531197]
88,0,28-jul,[64376.99338000726,2942.4359949646096,42377.27853862898,0.0,0.0,0.0,33222.48005318663,89969.63663577626,0.0,0.0,0.0,0.0,59537.700313623835,61037.920286506436,28230.16455327592,6331.397087866863,83578.87720599638,29965.849730260117,46153.09690841197,21401.489314191593,0.0,0.0,9881.544828885919,110486.13603953405,0.0,56341.697514601656,7903.832893273491,79182.89300505308,0.0,0.0,0.0,11300.587185181881,9740.783021233628,61025.97286133809,114657.48101829205,52308.961045946184,31410.0262691614]
89,0,29-jul,[0.0,38297.89846227696,19850.94044439696,66599.55090665077,53313.62415378718,0.0,0.0,0.0,0.0,0.0,8649.644561467196,0.0,97157.8285294997,0.0,53250.83274364925,79791.16873866544,0.0,0.0,713.05610543264,1988.0047700469418,0.0,0.0,79466.79728966593,0.0,54664.77775284947,3211.2143631078507,61208.787233405514,52596.50482042947,0.0,56673.92509106064,67267.34912164003,0.0,8622.4001407369,25211.73439370704,0.0,19666.506930079275,102652.54394275496]
90,0,30-jul,[0.0,0.0,25678.628857319087,58173.66065762083,27367.869685319398,13388.071919191807,6330.78302878293,0.0,64632.91004529872,49854.29503339123,0.0,85.9888462345526,0.0,21626.795808088536,0.0,78015.43416972147,0.0,0.0,53311.30302598969,13932.488716402047,0.0,0.0,13468.168725532661,0.0,64519.96669212445,103574.15727576647,75255.95274169075,54720.75478427669,0.0,0.0,0.0,0.0,60375.88227746084,7255.431885091795,8611.023261114731,38834.63640532287,5160.413382626196]
91,0,31-jul,[51867.317519470176,0.0,0.0,11728.320428859342,0.0,65398.33613777045,30253.81999006128,0.0,0.0,520.4148636929457,0.0,11179.109370271202,0.0,21260.305093858224,0.0,0.0,0.0,0.0,48946.62698664247,0.0,0.0,5468.671225823225,63887.093111042566,2468.6972582891076,0.0,0.0,0.0,15831.648599418904,0.0,26269.98004622027,3030.776191052668,0.0,0.0,0.0,42584.18750704063,0.0,15547.27865360976]
92,0,1-ago,[24280.321997558574,0.0,0.0,2668.457634099951,8145.845224427537,1907.2813233241118,0.0,0.0,44474.07231625064,0.0,0.0,22551.559633776007,0.0,33578.422942213976,0.0,0.0,33196.96832918798,2749.123404105012,0.0,0.0,0.0,0.0,0.0,72021.39554275727,22382.431058779726,74870.98917360578,0.0,41204.109693092665,0.0,0.0,52058.30287568661,0.0,111845.80275430056,0.0,63306.267322000895,730.2616847746742,72647.12461119886]
93,0,2-ago,[0.0,0.0,0.0,60661.72765137396,13668.424080867224,0.0,0.0,4453.5117640635,0.0,0.0,0.0,0.0,0.0,0.0,4809.31007649634,0.0,5950.240352132251,78663.94184413156,69408.43060217914,0.0,6918.144556703551,30384.34900690319,0.0,0.0,0.0,0.0,0.0,0.0,0.0,58398.95153694327,0.0,0.0,0.0,0.0,0.0,94078.93853535062,0.0]
94,0,3-ago,[74364.18354912457,5090.530769537747,0.0,0.0,916.3293274089593,10010.443099366339,0.0,7930.52939865752,8791.874910190541,27933.097494035603,0.0,0.0,0.0,29046.65815232295,0.0,329.4296027808974,0.0,0.0,7858.728142994787,4288.124062728094,96576.11190888922,333.39771579439173,84049.31530295764,0.0,36220.89048577626,0.0,0.0,20196.27631462083,126988.49059616924,73700.20328497261,43267.25552193585,0.0,14516.169097955855,21906.307571581667,0.0,0.0,0.0]
95,0,4-ago,[98017.84743351494,0.0,0.0,61991.43732237753,0.0,52691.90078270462,43811.57802365468,8802.624827884243,29280.29436575523,42370.18916628841,27682.374969126326,3812.512942242188,4010.384879165997,1531.9002910776017,53526.169677291306,13740.56342716233,0.0,42007.900670086194,0.0,36278.01537268783,0.0,0.0,0.0,17264.4853610945,0.0,0.0,0.0,638.5728201500775,31789.638303440457,0.0,0.0,0.0,0.0,0.0,0.0,0.0,0.0]
96,0,5-ago,[0.0,0.0,0.0,45021.242344756116,0.0,864.3695225591738,0.0,121118.86724425842,1750.8005882814905,67749.38404315579,636.7011170818918,0.0,0.0,0.0,50059.41010518648,0.0,58507.49038813816,0.0,0.0,0.0,42027.932765127276,9559.799230930597,84783.34263418458,0.0,0.0,0.0,0.0,7924.329483901647,2515.8012707336356,0.0,0.0,1816.2220947106334,69359.97085237669,56434.63273738052,0.0,0.0,0.0]
97,0,6-ago,[0.0,0.0,0.0,60065.679966051204,0.0,87323.44310536562,36706.39231106875,0.0,46384.0799177693,0.0,0.0,0.0,0.0,13656.27813970471,0.0,0.0,0.0,63283.02365098088,0.0,0.0,0.0,0.0,0.0,75726.9396382092,0.0,0.0,0.0,0.0,79510.2605706398,0.0,0.0,68695.04856541316,39784.3155293421,9563.847904457101,0.0,0.0,33026.45794246916]
98,0,7-ago,[0.0,111770.9947380188,0.0,3207.079900783865,50295.03847706913,79183.0646492515,31513.861933380744,0.0,23785.237432494258,26377.341215096505,0.0,49563.862158055264,0.0,1410.5828834588353,40877.24414417365,46183.63370126866,0.0,0.0,85456.95051845722,0.0,0.0,11187.694157976275,18278.919774750975,5499.441460759373,0.0,0.0,42354.902684045876,39.81216377619767,68836.5429125212,0.0,0.0,95867.93560230045,0.0,0.0,0.0,59305.680182523225,0.0]
99,0,8-ago,[0.0,0.0,488.5334179034034,0.0,56790.40211221842,79915.4450159841,47335.022945834506,66619.25327370355,6106.8659137910645,0.0,8533.02655324422,14022.862211024718,0.0,822.293966071111,4063.467619255631,0.0,30707.0692147382,7161.004665336235,6977.459408877665,43596.255876581825,0.0,53724.26815552149,0.0,3117.8962535150213,6624.931061972672,0.0,0.0,0.0,0.0,0.0,0.0,0.0,0.0,1749.7953942557988,9893.453943625733,0.0,0.0]
100,0,9-ago,[78957.90892801712,0.0,115290.74640606351,21455.608918675556,30505.107536042466,0.0,46855.71203117556,5216.258169482445,0.0,0.0,0.0,0.0,69228.88437723837,6149.071780564826,47747.19692608477,77418.86609422078,59113.2466892323,0.0,0.0,0.0,0.0,43915.46928812923,0.0,0.0,31981.266689365,0.0,0.0,52152.19190935589,154666.3403069416,9242.80448601468,37416.70924018942,0.0,0.0,0.0,7580.5286250967165,6518.2943127277895,0.0]
101,0,10-ago,[4332.972235017272,0.0,99533.83399478285,34971.30080519963,0.0,8382.022638573457,0.0,0.0,0.0,11905.949897267581,0.0,0.0,0.0,0.0,0.0,0.0,0.0,19128.65019054773,0.0,0.0,0.0,0.0,0.0,45269.66991421212,0.0,0.0,0.0,0.0,38118.99727296025,0.0,0.0,0.0,0.0,0.0,6125.453470705682,0.0,68292.66219171559]
102,0,11-ago,[0.0,86071.82679008873,0.0,362.1353628868285,65676.06939238668,8327.705246163447,0.0,37543.49570738582,444.82845621418767,0.0,61887.62667826751,0.0,46135.21952069135,58527.8170981076,5769.905943286378,1152.4893438642061,0.0,4453.992666672273,0.0,0.0,0.0,0.0,0.0,0.0,93.52176599694607,0.0,874.6691489318199,0.0,0.0,0.0,0.0,0.0,0.0,0.0,0.0,18670.6162401149,0.0]
103,0,12-ago,[43977.66879059195,0.0,0.0,32050.46173648234,0.0,53894.63404814955,40807.812379295254,7008.544050437872,0.0,4514.358234988837,0.0,0.0,3403.571917693872,9897.52481525224,8250.730611088917,0.0,28670.838287863593,0.0,2735.493090554677,0.0,65823.30624190577,0.0,9981.895149126942,0.0,0.0,0.0,42585.61373529467,71709.58523542291,0.0,1577.5052085816978,126482.91797001538,0.0,0.0,0.0,0.0,0.0,0.0]
104,0,13-ago,[0.0,0.0,105904.25460274215,460.28547670091103,34391.953995654214,12514.497522394047,56993.739474155744,0.0,42386.5488466603,29906.084580872666,0.0,0.0,57581.211723103035,0.0,0.0,60831.74954839244,4184.671288831855,11929.590016278202,147210.1322747125,0.0,57010.59744918297,42379.00186507356,0.0,0.0,0.0,0.0,25311.366215591945,0.0,129274.17755091604,0.0,0.0,0.0,28864.267927299323,0.0,0.0,80499.5716425669,34588.6166052009]
105,0,14-ago,[0.0,0.0,0.0,0.0,39704.78191986427,31750.21132521182,54648.004436212505,17989.31140721048,0.0,0.0,12100.953472715892,0.0,0.0,0.0,0.0,0.0,0.0,0.0,0.0,23814.576479770447,40326.72008539409,65708.04924705034,5455.181337220324,0.0,0.0,0.0,24792.762651581153,1001.1921919127955,0.0,42418.93713399589,0.0,0.0,0.0,0.0,0.0,0.0,0.0]
106,0,15-ago,[0.0,0.0,0.0,0.0,0.0,0.0,0.0,0.0,0.0,0.0,0.0,0.0,7702.4170755336745,0.0,0.0,0.0,0.0,0.0,0.0,0.0,0.0,83521.04540392327,0.0,0.0,0.0,0.0,0.0,0.0,0.0,0.0,0.0,0.0,0.0,0.0,0.0,0.0,0.0]
107,0,16-ago,[0.0,45744.2535818435,0.0,0.0,6219.177875685203,0.0,0.0,0.0,0.0,0.0,0.0,0.0,0.0,563.6545165968223,0.0,0.0,0.0,0.0,0.0,0.0,0.0,0.0,0.0,0.0,0.0,0.0,2712.2874278510635,0.0,0.0,11007.357760029563,0.0,0.0,0.0,0.0,5447.728755619249,0.0,0.0]
108,0,17-ago,[0.0,26689.503412551967,52905.358898178696,0.0,0.0,0.0,0.0,0.0,0.0,0.0,0.0,15489.50738639335,0.0,0.0,0.0,0.0,0.0,0.0,35534.594741416455,0.0,0.0,0.0,8459.614455353769,0.0,0.0,0.0,0.0,0.0,0.0,43692.91343439753,0.0,0.0,0.0,0.0,0.0,0.0,0.0]
109,0,18-ago,[0.0,0.0,0.0,0.0,0.0,0.0,0.0,0.0,0.0,0.0,0.0,0.0,43091.6893082574,0.0,0.0,0.0,0.0,0.0,0.0,4835.460595050115,0.0,0.0,0.0,7906.195859936975,0.0,0.0,0.0,0.0,0.0,54332.70756154492,0.0,0.0,0.0,0.0,0.0,0.0,0.0]
110,0,19-ago,[0.0,0.0,0.0,9975.370551040654,13012.98877552072,0.0,0.0,0.0,19269.243668835523,0.0,39297.20908817151,0.0,0.0,43387.891348831945,0.0,0.0,0.0,0.0,0.0,17446.2444947024,0.0,465.4676780221301,2363.093342808016,46891.93600347715,0.0,0.0,0.0,0.0,0.0,0.0,0.0,0.0,0.0,0.0,0.0,3731.592588054872,0.0]
111,0,20-ago,[6386.971659495091,0.0,0.0,0.0,0.0,0.0,0.0,0.0,0.0,0.0,0.0,0.0,0.0,0.0,0.0,0.0,0.0,0.0,0.0,0.0,0.0,25588.890712779703,0.0,0.0,20597.409919695798,0.0,987.0978879005255,0.0,0.0,0.0,62957.22443818844,8408.42829980036,0.0,2938.523652553371,0.0,0.0,0.0]
112,0,21-ago,[0.0,60389.006579916684,0.0,10599.751575542192,54392.56982713154,0.0,0.0,0.0,0.0,0.0,0.0,104322.85682205729,0.0,0.0,0.0,33199.30026871741,0.0,0.0,0.0,0.0,0.0,0.0,93782.31473090695,0.0,0.0,0.0,0.0,0.0,88223.19693301327,0.0,0.0,6160.273335324468,0.0,0.0,0.0,0.0,0.0]
113,0,22-ago,[0.0,0.0,70733.41588720575,24905.282074201466,5813.131484259342,0.0,0.0,12489.905473488641,0.0,0.0,0.0,0.0,0.0,11226.150926053217,0.0,0.0,7178.592481678165,0.0,0.0,0.0,0.0,0.0,0.0,0.0,0.0,0.0,0.0,0.0,0.0,0.0,54455.4914383993,0.0,0.0,0.0,0.0,14094.793972022473,0.0]
114,0,23-ago,[0.0,0.0,0.0,0.0,10815.617784313927,61330.76253907909,0.0,32248.72589147437,0.0,0.0,0.0,0.0,0.0,0.0,0.0,0.0,0.0,0.0,93850.2303521107,0.0,0.0,0.0,0.0,0.0,0.0,0.0,0.0,0.0,0.0,71550.65988010471,0.0,0.0,0.0,0.0,0.0,0.0,0.0]
115,0,24-ago,[0.0,0.0,0.0,0.0,0.0,9105.514265753507,0.0,0.0,0.0,0.0,0.0,0.0,0.0,0.0,0.0,0.0,0.0,0.0,1658.6059708198966,0.0,0.0,0.0,0.0,0.0,0.0,0.0,0.0,0.0,0.0,0.0,0.0,0.0,0.0,0.0,0.0,143.00468470629582,0.0]
116,0,25-ago,[0.0,0.0,0.0,5398.052572692489,0.0,0.0,42636.14623490545,66428.61163630008,0.0,0.0,0.0,0.0,0.0,7963.268289019879,0.0,51036.86670316167,0.0,0.0,0.0,0.0,0.0,0.0,0.0,3805.410371900254,0.0,0.0,0.0,0.0,8398.587285736543,36073.886305550666,24613.520270375906,0.0,0.0,0.0,12590.355191793182,0.0,0.0]
117,0,26-ago,[0.0,0.0,0.0,0.0,484.4740613462078,9937.381208041108,13584.516250792713,0.0,0.0,0.0,0.0,43428.36773213418,0.0,0.0,0.0,0.0,0.0,0.0,0.0,0.0,31359.82618159846,0.0,37676.327564650026,0.0,0.0,0.0,0.0,0.0,4411.908230555715,0.0,0.0,0.0,0.0,5191.754448819444,0.0,0.0,0.0]
118,0,27-ago,[3558.8096233142755,0.0,0.0,3538.848061489858,0.0,0.0,0.0,0.0,0.0,16028.237254084554,0.0,0.0,36226.267138835734,0.0,0.0,0.0,0.0,0.0,0.0,13915.592659150812,0.0,0.0,0.0,0.0,74056.2947139332,0.0,70420.94304263448,0.0,0.0,72532.51481149462,0.0,0.0,0.0,36492.539901350116,0.0,0.0,0.0]
119,0,28-ago,[0.0,0.0,0.0,13742.70206094574,0.0,0.0,10313.969795088124,0.0,0.0,0.0,0.0,0.0,22426.180177685153,0.0,0.0,0.0,9573.197952244527,0.0,0.0,0.0,0.0,60575.79917430826,0.0,0.0,0.0,0.0,0.0,0.0,0.0,0.0,4382.178795240168,0.0,0.0,0.0,0.0,0.0,0.0]
120,0,29-ago,[289.29268072439214,0.0,0.0,0.0,0.0,0.0,0.0,20387.838416836457,0.0,168.06617962830478,50788.24345030741,0.0,0.0,19033.90030565197,0.0,0.0,0.0,0.0,0.0,0.0,0.0,0.0,0.0,0.0,0.0,0.0,0.0,0.0,0.0,6979.364371646223,0.0,0.0,0.0,0.0,0.0,8009.885473307639,16127.961468216854]
121,0,30-ago,[0.0,0.0,0.0,0.0,0.0,0.0,40778.24453764455,0.0,0.0,0.0,0.0,0.0,0.0,22382.142674766408,0.0,0.0,0.0,0.0,0.0,116319.18252915273,0.0,0.0,0.0,0.0,0.0,0.0,54263.69012168272,0.0,0.0,0.0,0.0,75803.40003775964,0.0,51451.22016112326,60845.6148524111,0.0,0.0]
122,0,31-ago,[0.0,0.0,0.0,0.0,0.0,0.0,0.0,0.0,0.0,0.0,18537.571320813175,0.0,0.0,0.0,0.0,27149.227495798652,0.0,0.0,0.0,0.0,0.0,0.0,0.0,0.0,0.0,0.0,0.0,56262.37303568862,0.0,0.0,0.0,0.0,0.0,0.0,11519.571394525197,0.0,0.0]
123,0,1-set,[84122.17239213371,0.0,0.0,59736.85669249324,0.0,0.0,0.0,0.0,0.0,0.0,0.0,9631.861403736488,0.0,0.0,0.0,0.0,0.0,55087.43737095115,0.0,8314.782401184144,0.0,0.0,0.0,0.0,0.0,0.0,0.0,0.0,0.0,32915.91895078163,0.0,0.0,1872.7431946278896,4592.158979617321,0.0,0.0,0.0]
